"#","Player","Pos","Team","1","2","3","4","5","6","7","8","9","10","11","12","13","14","15","16","17","18","AVG","TTL"
"1","Patrick Mahomes II","QB","KC","34.9","17.3","18.1","24.4","30.5","21.6","27.9","BYE","35.1","32.1","27.5","19.4","19.8","22.8","32.7","23.8","25.5","15","25.2","428.4"
"2","Josh Allen","QB","BUF","33.5","29.7","26.7","24.5","36.2","26.4","BYE","19.6","26.8","21.6","12.6","30.9","16.9","20.6","35.9","25","2.7","22.8","24.2","412.2"
"3","Jalen Hurts","QB","PHI","24.7","34","27.6","17","27.7","16.9","BYE","28.4","20","22.8","24.2","29.8","34.4","30.4","36.7","-","-","9.5","25.6","384"
"4","Joe Burrow","QB","CIN","22.2","16.6","23","20.1","18.3","32.5","39.2","14.5","19.1","BYE","28.7","18","30","17.6","25.8","25.5","6.3","11.6","21.7","369"
"5","Geno Smith","QB","SEA","17.2","7.1","19.9","31.7","24","12.7","14.1","19.1","21.8","19.2","BYE","20.3","24","22.6","15.3","13.2","17.1","15.6","18.5","314.9"
"6","Justin Fields","QB","CHI","14.6","9.8","6.9","10.2","17","19.4","24.4","26","42.7","40.4","23.6","-","21.3","BYE","23.6","9.9","17.2","-","20.5","307"
"7","Kirk Cousins","QB","MIN","19.1","11.8","18.3","13.9","23.2","16.5","BYE","23.5","17.4","17.5","2.2","22.9","11.8","25","34.4","24.2","10.9","13","18","305.6"
"8","Trevor Lawrence","QB","JAC","14.4","18.5","25.2","6.7","12.3","24.9","18.7","8.8","16.7","21","BYE","24.9","16.4","33.4","27.8","18.3","5.5","10.2","17.9","303.6"
"9","Daniel Jones","QB","NYG","17","13.1","14.7","21.6","12.4","13.5","28.8","9","BYE","18.3","26.6","14.5","17.1","19.4","9.9","21.8","36.2","-","18.4","294"
"10","Jared Goff","QB","DET","16.5","26","14.9","34.2","6.9","BYE","3.5","17.6","12.4","14.8","6.5","17.6","21.6","26.1","14.1","25.7","22.4","9.5","17.1","290.3"
"11","Justin Herbert","QB","LAC","23.3","24.5","13.6","21.1","14.4","9.4","18.1","BYE","13.1","13","19.7","28.8","18.1","19.5","10.7","6.5","16.7","18.8","17","289.3"
"12","Tom Brady","QB","FA","11.4","9.4","14.7","25.4","19.7","13.7","11.7","17.1","15.2","17","-","18","18.1","12.1","18.6","13.3","37.7","7.4","16.5","280.7"
"13","Josh Jacobs","RB","LV","7.3","8.1","9.7","29.5","25.3","BYE","33.5","5.4","8.7","16.6","16","42.3","19","17.4","11","5","15.5","5","16.2","275.3"
"14","Christian McCaffrey","RB","SF","11.7","12.8","11.5","16.8","16.4","15.8","6.2","32.3","BYE","13.7","10.6","4.9","20.6","27.3","19.8","11.8","25.3","13.9","16","271.4"
"15","Derrick Henry","RB","TEN","8.2","8.5","20.3","20.7","25.2","BYE","13.8","34.8","23.5","6.7","23.4","11.7","3.8","17.5","22.3","16.6","-","12.8","16.9","269.8"
"16","Austin Ekeler","RB","LAC","7.2","9.4","5.3","28.9","31.9","14.3","24.7","BYE","17.1","6.3","16","14","8.2","16.4","13","19.9","28.1","5","15.6","265.7"
"17","Nick Chubb","RB","CLE","14.3","29.3","17.3","18.7","25.4","7","16.7","24.4","BYE","12.1","6.7","19.2","8","5.4","9.9","10.2","11.6","18.2","15","254.4"
"18","Aaron Rodgers","QB","NYJ","4.7","16.4","17.1","17.1","16.9","11.8","15.8","16.2","16.6","19.4","19.1","11.5","13.7","-","11.9","14.3","16.6","12.2","14.8","251.2"
"19","Lamar Jackson","QB","BAL","21.2","42.6","40.4","15.1","15.8","17.1","10.7","21.8","17.5","BYE","16.5","23.1","1.3","-","-","-","-","-","20.3","243.1"
"20","Justin Jefferson","WR","MIN","30.4","4.8","1.4","21","18.3","10.7","BYE","9.8","18.5","25.3","3.3","20.3","11.6","22.3","18.3","19.3","1.5","3.8","14.2","240.7"
"21","Tua Tagovailoa","QB","MIA","14.8","40.9","11.4","3.4","-","-","15.9","29.2","24.1","23.4","BYE","16","15.8","12.6","18.1","13.4","-","-","18.4","238.9"
"22","Russell Wilson","QB","DEN","17.8","12.1","9.1","26.5","11.2","13.8","-","14.8","BYE","15.2","10.7","8.5","9.7","26.6","-","11.3","24.6","24.1","15.7","235.8"
"23","Davante Adams","WR","LV","20.1","7.2","9.2","10.5","24.4","BYE","9.5","0.2","26.6","18.6","26.1","7.4","29.7","7.1","2.8","1.5","27.3","7.3","13.9","235.5"
"24","Derek Carr","QB","NO","16.8","19","20.8","11.5","17.9","-","13.5","2.9","18.4","17.9","20.3","22.8","17","4.6","20.2","9.4","-","-","15.5","233.1"
"25","Saquon Barkley","RB","NYG","27.4","8.8","18.6","16.2","16.6","15.5","13.5","12.2","BYE","22","3.5","11.2","14.1","4.8","18","19.3","5.3","-","14.2","227"
"26","Tyreek Hill","WR","MIA","10","31","3.3","15.9","6","17.7","7.2","19.5","20.3","10.4","BYE","9","20.6","14.1","12.9","10.3","11.7","2.3","13.1","222.2"
"27","Jamaal Williams","RB","NO","15","6","22.7","22.9","5.6","-","6.3","19.6","10.1","11.9","24.4","10.6","9.5","3.7","3.3","1.4","21.7","19.2","12.6","213.9"
"28","Dak Prescott","QB","DAL","5.5","-","-","-","-","-","12.3","26.4","BYE","21.2","20.6","16.8","17.8","15.7","22.2","29","16.4","9.7","17.8","213.6"
"29","A.J. Brown","WR","PHI","15.5","6.9","14.5","9.5","3.2","12.7","BYE","33.6","11.9","0.7","4","8.6","23.9","13","18.1","10.3","15.7","9.5","12.4","211.6"
"30","Stefon Diggs","WR","BUF","18.2","32.8","7.4","6.2","16.2","20.8","BYE","16.8","9.3","12.8","10.8","13.7","15.2","3.7","5.7","2.6","2.6","16.4","12.4","211.2"
"31","Tony Pollard","RB","DAL","2.2","15.8","10.5","0.8","14.6","5.2","10.9","32.7","BYE","18.8","30.9","6.1","22.6","18.2","10.6","8","-","1.9","13.1","209.8"
"32","Kyler Murray","QB","ARI","20.6","26.9","13.4","23.9","17.2","15.9","17.2","26.6","19","-","-","26.2","BYE","0.7","-","-","-","-","18.9","207.5"
"33","Travis Kelce","TE","KC","18.1","5.1","13.9","15.2","26.5","11.2","9.8","BYE","10.6","14.1","29.5","11.7","3.6","7.1","10.5","11.3","4.3","3.8","12.1","206.3"
"34","Marcus Mariota","QB","PHI","19.8","15.4","16.6","4.9","18","24.2","12.1","24.4","7.6","18.7","17.7","14.9","11.4","-","-","-","-","-","15.8","205.6"
"35","Dalvin Cook","RB","MIN","10.8","3.6","13.6","8.6","24.1","14.3","BYE","20.1","11.6","20.6","7.2","5.6","14.3","7.6","23","7.7","4.4","1.7","11.7","198.8"
"36","Miles Sanders","RB","CAR","16.5","8.6","4.4","27.6","6.4","13.2","-","13.8","15.3","5.4","4.8","28","9.8","27.5","0.9","5.1","6.1","3.3","11.6","196.7"
"37","Davis Mills","QB","HOU","15.5","7.2","11.8","15.8","5.8","BYE","19.1","9.9","14","15.8","11.8","-","-","6.2","18.9","10.9","9.4","24.5","13.1","196.5"
"38","CeeDee Lamb","WR","DAL","2.9","8.1","14.7","15.7","5.3","7.7","6.6","13.8","BYE","27","4.5","11.7","15.4","3.3","12.7","24","10","11.2","11.4","194.6"
"39","Aaron Jones","RB","GB","7.6","29","2.7","11.5","8","4.4","19.6","15.7","4.5","21.6","8","15.9","5","BYE","16.6","3.4","11.3","4.8","11.2","189.6"
"40","New England Patriots","DST","NE","4","8","4","11","22","13","5","9","26","BYE","17","2","4","20","11","14","12","4","10.9","186"
"41","Jaylen Waddle","WR","MIA","13.7","29.1","11.1","3.9","2.3","10.9","8.8","22.6","14.5","6.6","BYE","8.5","0.9","3.1","17.4","20.3","5.2","5.3","10.8","184.2"
"42","Andy Dalton","QB","CAR","-","-","-","13.7","10.9","10.5","29.5","17.2","11.9","9.1","22.2","10.3","13.3","-","14.1","2.6","7","11","13.1","183.2"
"43","Najee Harris","RB","PIT","8.6","8.9","10.1","7.4","3.6","10.9","8","6","BYE","9.9","23.6","9.9","9.2","11","14.6","9.5","18.3","13","10.7","182.5"
"44","Mac Jones","QB","NE","9.5","13.7","18.9","-","-","-","1.9","12.7","9.7","BYE","10.1","23.3","12.5","8.3","7.5","17.5","16.3","19.2","12.9","181.1"
"45","Joe Mixon","RB","CIN","14.5","8.3","3.8","13.4","8.8","12.8","15.1","5.9","51.1","BYE","6.2","-","-","10.6","5.4","10.8","1.2","12.8","12","180.7"
"46","Rhamondre Stevenson","RB","NE","2.7","5.1","16.1","8.9","17.5","21.1","15.8","14.3","13","BYE","8.2","11.2","7.8","1","22.8","1.3","5.1","8.2","10.6","180.1"
"47","Kenneth Walker III","RB","SEA","-","1.5","3.3","2.4","14.8","17","28.7","11.2","24.9","7.2","BYE","15.9","3.6","-","7.9","10.5","14.2","12.4","11.7","175.5"
"48","Jacoby Brissett","QB","WAS","10.9","16.5","17.9","16","15.4","10.6","10.1","20.3","-","16.5","25.9","14.1","-","0","0.3","-","0.2","-","12.5","174.6"
"49","Travis Etienne Jr.","RB","JAC","6.5","5.3","7.5","3.2","11.4","10.8","17.9","22.2","24.6","7.3","BYE","0.3","4.6","3.2","10.7","11.2","20","3.4","10","170.1"
"50","Dallas Cowboys","DST","DAL","5","7","10","10","23","4","22","11","BYE","5","16","4","20","4","6","7","10","6","10","170"
"51","Amari Cooper","WR","CLE","1.7","16.1","16.1","0.9","13.6","10.4","7.4","18.1","BYE","3.2","23.3","9.4","4","4.2","5.8","7.2","22.5","5.1","9.9","169"
"52","Ezekiel Elliott","RB","FA","4.9","4.9","13.5","8.1","7.8","14.6","17.7","-","-","-","16.7","15.5","15.1","14.1","13.1","12.1","9.7","1","11.3","168.8"
"53","Jimmy Garoppolo","QB","LV","-","16.7","9.4","13.9","18","18.9","17.3","17.7","-","15.9","25.4","13.3","2.2","-","-","-","-","-","15.3","168.8"
"54","Matt Ryan","QB","FA","16.3","4.8","15.3","18.8","8.1","27.2","11.9","-","-","22.7","8.6","11.2","12.1","-","11.3","-","-","-","14","168.3"
"55","Ryan Tannehill","QB","TEN","19.3","2.9","19.8","14.4","11.5","BYE","3.9","-","-","19.4","20","12.5","13","18.8","11.7","-","-","-","13.9","167.2"
"56","Justin Tucker","K","BAL","6","10","9","11","16","8","13","9","10","BYE","7","15","4","11","5","9","9","12","9.6","164"
"57","San Francisco 49ers","DST","SF","5","15","8","21","15","1","1","3","BYE","6","11","15","18","10","9","7","3","15","9.6","163"
"58","Daniel Carlson","K","LV","9","13","10","14","16","BYE","10","0","8","2","14","10","11","12","7","5","12","9","9.5","162"
"59","Amon-Ra St. Brown","WR","DET","12.4","30.4","7.3","-","1.8","BYE","0.4","6.9","5.5","12.1","8","18.9","23.6","7.4","8.2","7.6","6.2","4.9","10.1","161.6"
"60","Brett Maher","K","FA","5","12","12","16","11","5","6","7","-","4","22","4","6","11","12","18","10","0","9.5","161"
"61","DeVonta Smith","WR","PHI","0","8","22.9","1.7","8.7","10.4","BYE","2.3","2.2","7.9","7.8","5","16.2","12.4","12.6","23.3","11.5","6.7","9.4","159.6"
"62","Jason Myers","K","SEA","6","1","11","14","10","13","16","11","8","6","BYE","10","10","6","9","4","11","13","9.4","159"
"63","Kenny Pickett","QB","PIT","-","-","-","15.3","13.1","8.3","13.3","8.3","BYE","19.1","16","12.2","13.3","1.6","-","13.7","10.9","13.9","12.2","158.9"
"64","Christian Kirk","WR","JAC","11.7","19.8","13.2","6.3","1.1","6.8","10.1","4","13.6","22.5","BYE","4.1","10.4","4.5","9.2","2.6","2.1","15.9","9.3","157.9"
"65","Ja'Marr Chase","WR","CIN","18.9","5.8","6.7","8.1","5","25.2","25","-","-","BYE","-","-","9.7","18.5","12","5.9","0","14.6","12","155.4"
"66","Alvin Kamara","RB","NO","4.6","-","5.3","-","17.4","12.4","10.5","33.8","6.2","4.5","8.9","1","3.7","BYE","10.4","17","8","11","10.3","154.7"
"67","James Conner","RB","ARI","11.5","5.1","5.7","7.7","6.3","-","-","-","6.4","20.6","11.4","18","BYE","17.4","15.1","18","11","-","11.9","154.2"
"68","Leonard Fournette","RB","FA","13.7","7.4","7","11.4","25.9","16.1","2.6","11.8","6","10.8","-","-","8.1","4.6","7.4","16.2","4.7","0.4","9.6","154.1"
"69","Tyler Lockett","WR","SEA","2.8","10.7","7.6","7.1","22.4","1.7","4.5","10.3","12.7","10.2","BYE","12.8","18.8","12","6.8","-","1.5","11.4","9.6","153.3"
"70","Younghoe Koo","K","ATL","19","5","12","12","1","4","6","14","5","3","12","9","14","BYE","4","9","8","15","8.9","152"
"70","Terry McLaurin","WR","WAS","11.8","8.2","10.2","1.5","7.6","5.2","13.3","10.6","5.6","12.8","5.6","5.3","16.5","BYE","7","13.7","3.7","13.4","8.9","152"
"70","Buffalo Bills","DST","BUF","17","20","4","7","14","8","BYE","5","5","8","5","8","5","12","1","10","4","19","8.9","152"
"73","Philadelphia Eagles","DST","PHI","5","12","15","15","4","7","BYE","14","8","7","7","6","10","9","9","10","10","3","8.9","151"
"74","Brandon Aiyuk","WR","SF","4.7","6.3","9.9","3.7","5.8","20.3","8.2","14.1","BYE","6.4","14","6.5","4.6","11.7","1.9","8.1","17.7","5.9","8.8","149.8"
"75","Mike Evans","WR","TB","13.1","6.1","-","22.3","8.1","4.2","9.6","12.3","4","5.4","BYE","3.1","5.9","4.4","8.3","2.9","38.7","-","9.9","148.4"
"76","Tee Higgins","WR","CIN","2.7","13.1","9.3","18.4","-","4.7","9.3","10.9","6","BYE","14.8","17.4","9.5","-","11.3","18.8","1.3","0.7","9.9","148.2"
"77","Nick Folk","K","NE","1","5","10","6","18","8","2","21","17","BYE","4","15","4","11","13","0","6","5","8.6","146"
"77","Tyler Bass","K","BUF","8","12","5","11","8","6","BYE","10","7","13","23","10","7","9","6","3","3","5","8.6","146"
"77","Eddy Pineiro","K","CAR","6","10","12","6","10","5","3","9","3","16","3","12","BYE","13","12","14","7","5","8.6","146"
"80","Graham Gano","K","NYG","1","17","15","10","10","6","11","8","BYE","7","0","11","9","2","12","14","8","4","8.5","145"
"81","David Montgomery","RB","DET","5","13.6","1.1","-","14.2","8","12.2","5.5","4.4","4.4","18.1","11.3","12.7","-","21.1","6.4","3.6","2.1","9","143.7"
"82","Tyler Allgeier","RB","ATL","-","3","3","10.4","4.5","5.1","11","14.5","12.3","0.3","6.4","5.4","5.2","BYE","21.6","11.7","15.5","13.5","9","143.4"
"83","D'Andre Swift","RB","PHI","23.5","14.7","4.6","-","-","-","BYE","9.3","5","7.2","9.2","6.3","17.1","3.9","7.5","2.5","23.7","8.6","10.2","143.1"
"84","Robbie Gould","K","FA","4","9","6","6","7","2","14","7","-","10","8","8","18","5","3","13","14","8","8.4","142"
"85","George Kittle","TE","SF","-","-","2.8","2.4","2.7","8.3","15.8","9.9","BYE","2.1","20.4","2.6","2.2","2.8","21.3","24","8.3","14.9","9.4","140.5"
"86","Jerick McKinnon","RB","KC","4.9","7.6","2","0","7.2","3","4.8","BYE","4.4","5.8","0.4","2.6","12","25.4","26.2","9.8","17.6","6.6","8.3","140.3"
"87","Devin Singletary","RB","HOU","6.2","2.1","15.1","7.6","4.6","10.7","-","8.3","4.8","14.7","15.7","8","11.1","4.3","7","18.5","0.3","1.2","8.2","140.2"
"88","Riley Patterson","K","DET","12","8","12","3","7","3","3","5","11","5","-","8","7","13","11","15","9","8","8.2","140"
"89","AJ Dillon","RB","GB","15.1","6.7","3.8","8.4","3.4","5.2","1.5","6.3","4.4","6.5","2.3","14.8","17.9","BYE","19.1","10.8","10.1","3.3","8.2","139.6"
"90","Jacksonville Jaguars","DST","JAC","6","21","9","9","5","-1","1","5","5","6","BYE","5","-2","12","12","14","17","15","8.2","139"
"90","Greg Zuerlein","K","NYJ","4","9","18","6","8","9","12","5","10","BYE","4","9","19","4","5","3","8","6","8.2","139"
"92","Chase McLaughlin","K","TB","-","0","11","5","17","9","6","11","4","9","12","7","9","-","21","4","4","9","8.6","138"
"93","Raheem Mostert","RB","MIA","3.2","7.9","1.1","8.1","18.2","4.8","16.9","6.7","8.6","14.7","BYE","-","3","4.4","15.6","2.9","15.1","6.1","8.6","137.3"
"94","Jerry Jeudy","WR","DEN","16.2","1.2","1.7","11.3","5.3","5.4","9.6","12.3","BYE","0","-","-","6.5","25.3","7.6","11.7","3.8","19.3","9.1","137.2"
"95","DK Metcalf","WR","SEA","1.6","3.5","12.4","14.9","12.8","3.4","1.2","11.5","9.7","7.1","BYE","9","18.7","13.1","5.5","8.1","0.3","4","8","136.8"
"95","Taysom Hill","TE","NO","14.3","1.4","-","8.1","34.1","4.5","9.1","7.3","1.1","0.1","6.6","2","11.3","BYE","10.2","11.6","12.6","2.5","8.6","136.8"
"97","Jeff Wilson Jr.","RB","MIA","3","10.3","8.6","13.4","19.2","0.5","5.4","3.5","13.2","20.3","BYE","11.2","0.3","2.6","-","10","7.6","7.4","8.5","136.5"
"98","Dameon Pierce","RB","HOU","3.9","7.7","16.1","19.9","17.3","BYE","11.7","11.1","13.9","10.2","1.7","1.6","9.5","11.8","-","-","-","-","10.5","136.4"
"99","DJ Moore","WR","CHI","5","10.3","1.5","6.1","6.7","0.7","12.6","21.5","2.4","2.9","2.4","16.3","-","0.6","13.3","15.1","17.7","1","8","136.1"
"100","Brandon McManus","K","JAC","11","12","5","5","11","13","4","3","-","4","14","4","14","4","8","9","7","7","7.9","135"
"100","Jason Sanders","K","MIA","10","6","3","10","6","5","12","8","5","9","BYE","13","6","7","12","9","3","11","7.9","135"
"102","Baltimore Ravens","DST","BAL","11","7","11","5","6","6","12","5","10","BYE","17","5","6","11","7","8","3","4","7.9","134"
"103","Cordarrelle Patterson","RB","ATL","19.6","4.1","21.3","9.8","-","-","-","-","17.3","2","9.9","7.1","6","BYE","11.2","3.1","14.4","7.9","10.3","133.7"
"104","Ryan Succop","K","FA","15","10","8","8","8","14","3","10","12","3","-","6","5","1","5","15","4","6","7.8","133"
"104","Greg Joseph","K","MIN","13","1","4","18","3","4","BYE","4","8","9","3","9","12","6","8","12","5","14","7.8","133"
"104","Matt Gay","K","IND","6","7","9","9","4","6","-","2","7","5","10","5","14","7","8","19","4","11","7.8","133"
"107","Garrett Wilson","WR","NYJ","5.2","22","6","4.1","2.7","0.8","2.4","11.5","9.9","BYE","1.2","21.4","16.2","7.8","9.8","1","1.8","8.9","7.8","132.7"
"108","Ka'imi Fairbairn","K","HOU","10","11","8","7","11","BYE","10","5","5","11","4","3","7","16","6","7","5","6","7.8","132"
"108","Evan McPherson","K","CIN","8","13","10","11","6","8","5","1","6","BYE","17","9","10","5","9","4","1","9","7.8","132"
"110","Baker Mayfield","QB","TB","19","13.3","10.7","7.9","7.6","-","-","-","14.2","-","7","-","-","14.2","7.5","17.4","4.1","6.5","10.8","129.4"
"110","T.J. Hockenson","TE","MIN","3.8","2.6","7.8","31.9","0.6","-","4.8","8","7","4.5","3.4","10.3","3.3","5.7","5.3","22.9","5.9","1.6","7.6","129.4"
"112","Cam Akers","RB","LAR","0","6.2","10.1","1.3","3.3","-","BYE","-","0.3","2.2","6.1","3.7","18","8.3","10","32.7","13.3","12.8","8.6","128.3"
"113","Latavius Murray","RB","BUF","-","0","-","12.5","-","6.4","8.3","11.9","-","4.7","13.2","9.8","6.1","3.1","20.2","6","7.2","17.8","9.1","127.2"
"114","Cooper Kupp","WR","LAR","18.8","20.8","12.4","12.2","18.9","9.7","BYE","14.9","18.8","-0.1","-","-","-","-","-","-","-","-","14","126.4"
"115","Chris Olave","WR","NO","6.1","6","14.7","12.7","11.4","-","10.6","5.2","7.1","4","16.2","6.2","6.5","BYE","5.3","-","4.2","10","8.4","126.2"
"116","D'Onta Foreman","RB","CHI","0.5","0.9","-","0.2","0.2","1.9","14.5","31.8","2.1","19","2.4","11.3","-","7.5","0.9","22.5","3.5","6.8","7.9","126"
"117","Gabe Davis","WR","BUF","14.8","-","3.7","1.3","29.1","13.4","BYE","3.5","3.3","15.3","6.8","3.8","7.5","3.1","5.6","8.5","-","3.9","8.2","123.6"
"118","Christian Watson","WR","GB","4.1","0.9","-","8.3","-0.2","-","-","1.2","2.4","28.7","17.1","17","21.4","BYE","4.6","4.9","1.1","11.6","8.8","123.1"
"119","Isiah Pacheco","RB","KC","12.2","0.6","0.9","6.3","0","1.8","4.3","BYE","0.9","6.2","10.7","14.6","14.2","9.3","7.7","9","10.9","12.4","7.2","122"
"119","Jake Elliott","K","PHI","8","6","6","5","-","10","BYE","5","3","3","5","12","5","12","5","11","6","20","7.6","122"
"121","Taylor Heinicke","QB","ATL","-","-","-","-","-","-","15.4","23.1","14.7","6.4","7.8","12.4","17.6","BYE","13.3","11.2","-","-","13.6","122"
"122","Carson Wentz","QB","FA","29.7","28.8","8.6","9.3","22.9","4.2","-","-","-","-","-","-","-","-","-","8.9","9.4","-","15.2","121.8"
"123","Kansas City Chiefs","DST","KC","3","10","8","4","1","3","13","BYE","4","6","9","11","1","15","3","8","8","14","7.1","121"
"123","Cade York","K","CLE","16","6","5","9","4","12","9","8","BYE","5","5","7","11","4","8","4","6","2","7.1","121"
"125","Mason Crosby","K","FA","1","10","2","9","10","4","3","5","3","7","3","9","8","-","6","15","13","12","7.1","120"
"126","Antonio Gibson","RB","WAS","13","10.1","10","6.3","3.9","5.3","13.7","13.7","4.7","11.8","10.3","5.4","5.9","BYE","2.7","3.1","-","-","8","119.9"
"127","Chris Godwin","WR","TB","3.5","-","-","5.9","6.3","9.5","4.5","7.5","3.7","13.1","BYE","17","6.3","5.4","14.3","6.3","12","3.5","7.9","118.8"
"128","Jonathan Taylor","RB","IND","23.5","6.3","9.1","2.3","-","-","8.5","5.6","-","22.3","13.4","15.8","10.3","BYE","1.3","-","-","0","9.9","118.4"
"129","Carolina Panthers","DST","CAR","1","4","16","9","5","9","8","5","-2","10","9","11","BYE","7","1","4","6","15","6.9","118"
"129","New York Jets","DST","NYJ","4","2","4","12","9","20","7","8","10","BYE","10","8","2","8","1","4","4","5","6.9","118"
"129","Michael Badgley","K","DET","-","-","-","13","-","BYE","9","10","1","7","7","7","19","12","8","5","12","8","9.1","118"
"132","Michael Pittman Jr.","WR","IND","18.1","-","7.2","3.1","5.9","13.4","3.8","5.3","2.2","5.3","7.5","12.1","1.6","BYE","9","3.9","10.1","9","7.3","117.5"
"132","Mark Andrews","TE","BAL","5.2","16.7","20.9","1.5","14.9","16.6","0.4","3.3","-","BYE","6.3","7","5.4","1.7","3.1","4.5","10","-","7.8","117.5"
"134","Seattle Seahawks","DST","SEA","7","9","7","7","1","17","7","13","8","4","BYE","1","8","1","1","1","17","8","6.9","117"
"134","Green Bay Packers","DST","GB","1","9","11","7","3","2","9","6","3","5","5","0","9","BYE","11","11","23","2","6.9","117"
"134","Washington Commanders","DST","WAS","4","-1","5","3","5","13","3","7","5","15","19","7","7","BYE","1","1","5","18","6.9","117"
"137","Tyler Boyd","WR","CIN","9.3","3.7","16.5","5.6","3.2","6.6","21.5","9.8","4.4","BYE","4.2","1.6","6","0","9.5","2.1","7.4","5.1","6.9","116.5"
"138","Matthew Stafford","QB","LAR","10.8","20.9","10.2","7.8","11.3","12.8","BYE","17.4","10.5","-","14.8","-","-","-","-","-","-","-","12.9","116.4"
"139","Zay Jones","WR","JAC","6.5","2.3","14.5","-","1.2","4.2","6.8","3.5","4","6.8","BYE","16.5","1.6","13.7","28.9","1.1","2.4","2.1","7.3","116.1"
"140","Houston Texans","DST","HOU","7","6","9","2","11","BYE","0","8","5","3","1","7","8","7","5","17","6","14","6.8","116"
"140","Indianapolis Colts","DST","IND","6","0","6","3","14","6","8","5","7","3","8","3","1","BYE","23","9","1","13","6.8","116"
"142","New Orleans Saints","DST","NO","6","4","4","4","4","4","1","16","3","7","5","5","6","BYE","7","8","18","13","6.8","115"
"142","Cincinnati Bengals","DST","CIN","2","4","16","8","4","1","4","7","6","BYE","1","5","4","8","9","10","7","19","6.8","115"
"142","Joey Slye","K","WAS","2","1","0","5","7","6","11","5","6","19","12","8","9","BYE","9","2","5","8","6.8","115"
"145","Allen Lazard","WR","NYJ","-","7.3","10.5","11.6","9.5","13.6","5.5","-","14.7","4.5","5.7","2.4","6.7","-","0.7","6.1","5.9","10.1","7.7","114.8"
"146","George Pickens","WR","PIT","0.3","2.3","3.9","10.2","8.3","2.8","12.1","0","BYE","11.5","14.3","7.7","0.2","7.8","5.3","11.7","2.9","13.2","6.7","114.5"
"147","Wil Lutz","K","NO","10","4","2","7","9","14","11","6","7","5","10","0","10","BYE","3","5","10","1","6.7","114"
"148","Mike Williams","WR","LAC","1","17.3","7.5","12","13.4","1.7","14.6","BYE","-","-","1.5","-","-","17.6","6.7","7.6","9.4","3.2","8.7","113.5"
"149","Jakobi Meyers","WR","LV","6.2","9.5","-","-","17.1","6","9.4","12","2.4","-","5.2","6.2","2.2","-","2.7","14.3","10.9","9.2","8.1","113.3"
"150","Deebo Samuel","WR","SF","10.6","9.7","7.9","17.7","9.2","9","4.4","-","BYE","5.1","15.4","4.3","6.3","10.4","-","-","-","2.4","8.6","112.4"
"151","Curtis Samuel","WR","WAS","11.2","15.9","6.1","3.8","6.2","0.6","7.9","7.9","14.1","4","8.8","1.3","8.6","BYE","4.5","11.4","0.6","-0.6","6.6","112.3"
"152","Brock Purdy","QB","SF","-","-","-","-","-0.1","-","1.7","-","BYE","-","0.3","-","15.3","21.7","16.5","17","18.1","19.8","12.3","110.3"
"153","Adam Thielen","WR","CAR","3.6","5.2","12.1","7.2","2.7","11.6","-","6.7","6.7","4.9","2.5","12.1","2.7","12.5","10.1","0.6","1.6","7.2","6.5","110"
"154","Khalil Herbert","RB","CHI","10.3","4.1","28.9","10.1","1.1","7.4","14.7","15.9","2.3","5.7","-","-","-","BYE","-","0.3","3.1","4.9","8.4","108.8"
"155","JuJu Smith-Schuster","WR","NE","5.9","1","8.9","4.6","3.3","17.3","18.4","-","8.8","3.3","-","3.8","3.5","13.4","6.8","2.7","2.1","3.5","6.7","107.3"
"156","Pittsburgh Steelers","DST","PIT","26","3","2","5","2","3","1","-1","BYE","10","2","10","4","3","5","13","7","12","6.3","107"
"156","Miami Dolphins","DST","MIA","18","-4","9","1","-2","3","12","1","9","6","BYE","18","6","10","3","4","4","9","6.3","107"
"156","Cleveland Browns","DST","CLE","6","3","10","3","0","0","5","13","BYE","-3","1","4","27","4","16","3","13","2","6.3","107"
"156","New York Giants","DST","NYG","4","7","0","16","2","7","5","5","BYE","9","-1","3","8","2","17","4","14","5","6.3","107"
"160","Drake London","WR","ATL","7.4","16.6","11.4","1.7","3.5","4","0.9","3.1","0.3","9.8","6.2","2.9","9.5","BYE","5","7.6","4.7","12","6.3","106.6"
"161","Donovan Peoples-Jones","WR","CLE","6","0","1","7.1","5","7.6","5.1","8.1","BYE","9.9","12.1","1.6","10.4","11.4","9.1","0.2","7.3","4.2","6.2","106.1"
"162","Minnesota Vikings","DST","MIN","12","7","2","6","4","13","BYE","10","6","15","-4","9","5","-1","5","9","-1","9","6.2","106"
"162","Los Angeles Chargers","DST","LAC","13","1","-4","8","1","7","4","BYE","7","3","2","5","12","6","7","20","9","5","6.2","106"
"164","Zach Wilson","QB","NYJ","-","-","-","19.8","14.6","4.5","7.2","19.4","10.6","BYE","5.7","-","-","-","20.4","2.8","-","-","11.7","104.9"
"165","Samaje Perine","RB","DEN","3.7","1","12.1","0","5.6","1.6","0.8","1.7","5.4","-","26.2","15.3","15.5","8.4","2.4","2.2","-","2.2","6.5","104.1"
"166","Los Angeles Rams","DST","LAR","9","9","6","1","4","11","BYE","2","4","2","4","4","8","5","7","21","-1","8","6.1","104"
"166","Cairo Santos","K","CHI","1","5","14","-","15","1","18","5","6","6","7","4","8","BYE","2","7","4","1","6.5","104"
"166","Tennessee Titans","DST","TEN","9","-3","3","10","6","BYE","19","9","7","12","4","8","-2","-4","8","7","7","4","6.1","104"
"169","Evan Engram","TE","JAC","2.8","4.6","2.9","1.6","6.9","4","6.7","11.5","0.8","1.4","BYE","0.4","9","28.2","6.2","11.3","2.9","2.7","6.1","103.9"
"170","Brian Robinson Jr.","RB","WAS","-","-","-","-","2.2","12","8.6","2","3.8","14.6","5.7","18.5","11.1","BYE","10.7","5.8","8.7","-","8.6","103.7"
"171","Arizona Cardinals","DST","ARI","-2","9","4","12","3","14","17","6","9","8","-4","4","BYE","3","11","5","4","0","6.1","103"
"171","Tampa Bay Buccaneers","DST","TB","13","26","6","1","6","3","1","5","8","6","BYE","6","3","-2","3","8","8","2","6.1","103"
"173","Harrison Butker","K","KC","9","-","-","-","-","11","6","BYE","6","3","14","14","6","11","4","7","3","8","7.8","102"
"173","Denver Broncos","DST","DEN","5","7","16","2","14","5","4","7","BYE","4","1","2","12","7","10","-4","6","4","6","102"
"175","Matt Prater","K","ARI","1","1","14","8","-","-","-","9","3","-","5","7","BYE","7","14","14","15","1","7.6","99"
"176","Detroit Lions","DST","DET","0","9","2","-2","2","BYE","4","3","11","10","11","4","5","8","13","-4","15","7","5.8","98"
"176","Keenan Allen","WR","LAC","6.6","-","-","-","-","-","1.1","BYE","-","-","7.4","10.9","14.8","9.2","8.6","10.4","6.8","22.2","9.8","98"
"178","Cole Kmet","TE","CHI","0","0","4","1.6","4.5","1.5","3.2","7.1","17","19.4","3.5","2.7","7.2","BYE","2.5","2.7","8.7","11.7","5.7","97.3"
"178","Joshua Palmer","WR","LAC","0.9","9","9.9","2.5","2.4","5.7","-","BYE","10.6","4.4","22.6","5.6","6","5.3","4.9","1.6","0","5.9","6.1","97.3"
"180","Mack Hollins","WR","ATL","1.6","6.6","22","3.3","0","-","10.4","6.4","1.7","1.8","5.2","12.3","3.5","6.2","10","0.7","4","1.5","5.7","97.2"
"181","Chris Boswell","K","PIT","14","8","5","12","3","10","5","-","BYE","-","-","-","-","2","8","9","12","9","8.1","97"
"182","Breece Hall","RB","NYJ","4.1","12","9.2","13.8","25.7","18.1","13.2","-","-","BYE","-","-","-","-","-","-","-","-","13.7","96.1"
"183","K.J. Osborn","WR","MIN","1.4","2.5","13.3","0.5","4.1","1.8","BYE","6.8","0","3.7","1.7","1.3","1.7","9.8","21.7","1.7","11.9","11.7","5.6","95.6"
"183","Jahan Dotson","WR","WAS","15","13.9","1","10.3","-","-","-","-","-","1.4","1.6","0","11.4","BYE","16.5","13.6","3.7","7.2","8","95.6"
"185","Courtland Sutton","WR","DEN","7.2","12.7","9.7","11.2","7.4","1.4","2.3","1.3","BYE","6.6","8","7.5","0","-","-","6.4","4.4","9.3","6.4","95.4"
"186","Diontae Johnson","WR","PIT","5.5","7.7","8.4","2.2","6","3.6","4.5","3.5","BYE","6.3","2.2","4.9","6","8.2","10","6.4","3.5","5.8","5.6","94.7"
"187","Cameron Dicker","K","LAC","-","-","-","-","9","-","-","BYE","8","12","10","5","8","11","6","8","8","9","8.5","94"
"188","Juwan Johnson","TE","NO","4.3","4","0","3.3","1.3","4.1","15.2","1.4","10.2","10.4","10.7","0","-","BYE","18.7","0.9","6.2","2.1","5.8","92.8"
"189","Kareem Hunt","RB","FA","19","7.4","6.1","6.8","11.7","1.2","6.8","7.2","-","1.9","5.4","2.1","7.4","1.2","2.7","2.2","-0.1","2.8","5.4","91.8"
"190","Deshaun Watson","QB","CLE","-","-","-","-","-","-","-","-","BYE","-","-","-","6.3","17.3","12.6","12.8","21.9","19.6","15.1","90.6"
"191","Sam Darnold","QB","SF","-","-","-","-","-","-","-","-","BYE","-","-","16.9","-","11.8","13.2","21.9","22.6","2.9","14.9","89.3"
"192","Rachaad White","RB","TB","2.1","0.1","0","9.6","4.2","2.3","3.2","4.3","3.4","10.5","BYE","10.9","10.9","5.7","4.3","11.3","4.8","1.5","5.2","89.1"
"193","Atlanta Falcons","DST","ATL","6","16","4","6","0","13","-1","8","5","1","12","3","1","BYE","4","3","5","3","5.2","89"
"193","Marquise Brown","WR","ARI","10.3","6.8","14","14.8","13.8","6.8","-","-","-","-","-","4.6","BYE","3.4","1.9","5.8","6.1","0.7","7.4","89"
"195","Brandin Cooks","WR","DAL","8.2","5.4","2.2","11.7","2","-","4.6","7.3","BYE","4.2","7","6.1","-","-","-","9.4","3.9","16.6","6.8","88.6"
"196","DeAndre Hopkins","WR","FA","-","-","-","-","-","-","10.3","21.9","9.6","9.8","9.1","14.7","-","5.9","6","0.4","-","-","9.7","87.7"
"196","Dawson Knox","TE","BUF","0.5","4.1","2.5","4","-","9.7","BYE","7","2.5","5.7","7","1.7","0","10.1","15.8","9.8","-","7.3","5.8","87.7"
"198","Kenyan Drake","RB","FA","4.6","0.8","-","-","2.7","18.7","0.5","12.7","22.9","-","5.3","0.2","4.6","0.2","-","-","-","13.9","7.3","87.1"
"199","Randy Bullock","K","FA","9","1","7","7","3","-","14","5","6","5","-","0","4","2","2","2","7","13","5.4","87"
"200","James Cook","RB","BUF","-1.8","5.3","4","0","9.1","0.8","BYE","7.6","3.3","2.2","8.6","1.8","10.5","1.5","9.9","16.8","1.8","5.1","5.1","86.5"
"201","Dallas Goedert","TE","PHI","6","8.2","8.6","7.2","9.5","2.2","BYE","6.4","16","6.3","-","-","-","-","-","6.7","4.5","4.6","7.2","86.2"
"202","Parris Campbell","WR","NYG","3.7","0","1","4.3","2.2","11.7","13","7.1","1.6","13.6","6.7","1.4","4.5","-","1.3","1.9","5.3","6.8","5.1","86.1"
"203","Dalton Schultz","TE","HOU","6.2","-0.2","-","0","0","BYE","4.9","7.4","-","11.4","2.2","15.1","3.3","8.7","1.5","4.3","17.6","3.3","5.7","85.7"
"204","Pat Freiermuth","TE","PIT","7.5","8.2","4.1","8.5","1.2","-","7.5","5.7","BYE","3.6","7.9","3.9","7.6","9.3","-","6.6","3.6","0","5.7","85.2"
"205","Michael Carter","RB","NYJ","10","5","4.6","2.9","15.3","4.7","7.4","6.1","14.6","BYE","1.7","3.6","-","0","3.1","5","0.5","0.5","5.3","85"
"206","David Njoku","TE","CLE","0.7","3.2","14.9","4.7","8.8","5.8","7.1","-","BYE","-","1.7","8.9","-","11.7","2.8","1.4","2.1","10.2","6","84"
"207","Darius Slayton","WR","NYG","-","-","-","1.1","7.9","1.8","11.8","6.6","BYE","15.5","8.6","6.3","9","4.2","2.3","7.9","-0.6","-","6.3","82.4"
"208","Gerald Everett","TE","LAC","11.4","7.1","2.5","12.1","0.2","2.9","6.3","BYE","3.6","2.3","-","3.8","8","2.8","4.2","-","7.5","6.8","5.4","81.5"
"209","Clyde Edwards-Helaire","RB","KC","19.4","11.8","9.9","21.4","3.5","3.3","9.2","BYE","1.9","0","0.9","-","-","-","-","-","-","-","8.1","81.3"
"210","Marquez Valdes-Scantling","WR","KC","4.1","1.3","4.8","6.3","9","0","11.1","BYE","1.2","12","1.8","5.6","7.1","2","8.6","0","2.8","2.7","4.7","80.4"
"211","Tyler Higbee","TE","LAR","3.9","7.1","6.1","7.3","4.6","0.7","BYE","1.5","0","7.3","4.5","-","1.4","1.1","8.7","21.4","1.1","3.3","5","80"
"212","Jordan Akins","TE","CLE","-","-","9.1","3.3","2.2","-","6.8","0.5","0","7.2","0.8","10.1","2.1","0.5","8.2","3.9","3.8","21","5.3","79.5"
"213","Devin Duvernay","WR","BAL","17.4","10.2","8.3","5.1","7.8","1.4","4.2","12.4","0.5","BYE","0.7","3.9","4.3","0","2.9","-","-","-","5.7","79.1"
"214","Mitch Trubisky","QB","PIT","12.7","12.4","15","2.5","-","10.3","-","-","BYE","-","-","-","-","12","14.1","-","-","-","11.3","78.9"
"215","Isaiah McKenzie","WR","IND","7.9","3.7","14.2","8.1","-","0.9","-","7","2.1","5.5","0","16.3","4.4","2.8","2.4","0.6","0","1.9","4.9","77.8"
"216","James Robinson","RB","NE","18.9","13.8","17.6","2.9","3.9","5.5","0","1.7","11.3","BYE","1","-","1","-","-","-","-","-","7.1","77.6"
"217","Las Vegas Raiders","DST","LV","0","3","3","11","2","BYE","10","0","2","3","6","6","8","7","11","6","-2","1","4.5","77"
"218","Richie James Jr.","WR","KC","6.1","5.1","4","-1.1","1.6","1.8","0.2","-4","-","-","10.8","10.1","2","12.1","4.2","9","13.6","0","4.7","75.5"
"219","J.K. Dobbins","RB","BAL","-","-","4","18.3","4.4","1.5","-","-","-","BYE","-","-","-","18","12.8","5.9","9.3","-","9.3","74.2"
"220","Damien Harris","RB","BUF","5.8","14.7","10.6","14.4","1.2","-","1","5.2","-","-","9.3","1.6","-","-","-","-","4.9","5.2","6.7","73.9"
"221","Chuba Hubbard","RB","CAR","0.3","-2","2.5","0","-","0.7","13.3","-","-","1.4","2.5","6.5","BYE","15.9","6.7","12.5","6.5","6.9","5.3","73.7"
"222","Tyler Conklin","TE","NYJ","7.6","4","8.4","5.2","0","1.7","2.2","19.9","0.7","BYE","1.5","5","0.9","2.8","0.9","3.4","8","1.3","4.3","73.5"
"223","Alexander Mattison","RB","MIN","3.6","1.4","10.4","7.8","4","0.3","BYE","10","0.1","1.9","0.8","1.1","7.8","-0.1","0.1","1.7","4.5","18","4.3","73.4"
"224","Noah Fant","TE","SEA","1.6","1.1","2.7","6.2","4.9","4.5","0.7","1.9","9.6","3.4","BYE","3.4","10.2","0","9.2","7.2","4","2","4.3","72.6"
"224","Russell Gage","WR","TB","1.3","2.8","12.7","2.4","4","2","3.9","-","-","-","BYE","-","1.1","7.2","17.9","6.5","3.3","7.5","5.6","72.6"
"226","Rashid Shaheed","WR","NO","-","-","-","-","-","10.4","11.3","3.8","0","1.2","0.8","5.9","7.5","BYE","15.5","4.1","7.9","4.1","6","72.5"
"227","DeVante Parker","WR","NE","0.9","0","15.6","8.4","0","6.4","6.8","0","-","BYE","1.9","8","1.6","2.4","-","-","-","19.9","5.5","71.9"
"228","Noah Brown","WR","HOU","6.8","15.1","5.4","6.1","0.5","1","3","-","-","0.3","4.2","0","1.5","8.5","16.9","0.5","0.7","1","4.5","71.5"
"229","Alec Pierce","WR","IND","0","-","6.1","8","8.1","10.9","3.7","6.5","2.3","0","2.8","0","14.6","BYE","0","2.6","1.5","4.2","4.5","71.3"
"230","Marvin Jones Jr.","WR","DET","3.8","3.3","9.3","0","10.4","BYE","5.7","0","4.8","3.3","-","8.2","1.7","2.2","7.7","1.5","6.1","2.9","4.4","70.9"
"231","Matthew Wright","K","FA","-","-","-","12","8","-","-","-","-","8","13","13","16","-","-","-","-","-","11.7","70"
"231","Olamide Zaccheaus","WR","PHI","2.9","8.1","4.9","5.5","9.9","5.8","3.1","0.4","1.9","3.4","2.2","9.1","1.3","-","0","1.8","0","9.7","4.1","70"
"233","Kalif Raymond","WR","DET","0","0","0.4","2.1","4.5","BYE","9.5","7.6","1.7","4.7","4","3.5","0.6","1.9","11.3","6.4","4.4","6.6","4.1","69.2"
"234","Mecole Hardman Jr.","WR","NYJ","7.6","4.5","0.2","0.4","8","10.2","24","-","13.9","BYE","-","-","-","-","-","-","-","-","8.6","68.8"
"235","Zach Ertz","TE","ARI","9.4","7.5","4.5","10.7","4.8","7","4.1","9.4","10","1.2","-","-","BYE","-","-","-","-","-","6.9","68.6"
"236","DJ Chark Jr.","WR","CAR","11.2","0","4.6","-","-","-","-","-","-","-","0","7.6","9.8","15.4","1.8","10.8","5.6","1.4","6.2","68.2"
"237","Chris Moore","WR","TEN","3.1","1.4","6.3","0","-","BYE","8","-","10.5","7","2.3","0.7","4.6","12.4","4.2","2.5","2.1","2","4.5","67.1"
"238","Michael Gallup","WR","DAL","-","-","-","8.4","4.4","1.8","0","4.9","BYE","3.5","4.1","6.3","14.3","4","0.2","9.6","3.9","1","4.7","66.4"
"239","DeAndre Carter","WR","LV","12.4","5.5","2.6","-0.4","0.9","1.7","3.7","-","5.3","12.4","3.3","13.3","1.4","0","0.5","0","1.4","2.3","3.9","66.3"
"240","Mike Gesicki","TE","NE","0.1","10.1","0.6","2.3","3","18.9","2.7","9.8","0.3","3.1","-","0","0","0","0.5","2.4","7.8","4.6","3.9","66.2"
"241","Josh Reynolds","WR","DET","2.8","9.8","9.6","14.1","9.2","BYE","0.8","1.4","-","-","-","-","1.9","11.1","-","3.1","0.5","1.6","5.5","65.9"
"242","Corey Davis","WR","NYJ","7.7","14.3","2.7","13.4","3.8","5.2","0","-","-","BYE","-","0.9","8.5","1.5","-","1.4","4.5","1.7","5","65.6"
"243","Jaylen Warren","RB","PIT","0.7","1.5","3.3","2.2","6.3","0.2","2.4","7.5","BYE","7.7","0.9","-","1.9","2.7","10.9","3","9.8","4.3","4.1","65.3"
"244","Chigoziem Okonkwo","TE","TEN","0.7","0","-","9.8","0","BYE","0","0.3","4.8","4.1","3.1","3.5","6.8","12.5","6","1","2.4","10.2","4.1","65.2"
"245","Kenneth Gainwell","RB","PHI","9.2","1.8","0.6","7.7","2","2.5","BYE","1.1","9.8","1.2","0","10.6","5.3","0","1.4","5.8","1.7","4.2","3.8","64.9"
"246","Eno Benjamin","RB","NO","6.1","5.1","2.3","4.5","11.3","6.5","19.3","4.5","2.7","0","-","-","-","0.1","-","-","1.9","0.3","5","64.6"
"247","Marquise Goodwin","WR","CLE","2.2","0","3.1","0","-","2.6","18.7","3.3","BYE","9.8","-","5.5","1.7","15.3","1","0","-","-","4.9","63.2"
"247","Isaiah Hodgins","WR","NYG","-","-","-","-","4.1","-","-","-","BYE","4.1","0.9","3.1","10.4","11.8","3.7","14.9","10.2","-","7","63.2"
"249","Hunter Henry","TE","NE","2","0","0.8","1.3","5.4","12.1","1.2","2.2","5","BYE","2","12.3","1.3","7","0.9","-","5.2","4.2","3.9","62.9"
"250","Robert Woods","WR","HOU","1.3","3.9","8.5","9","3.7","BYE","2.6","0.6","0","1","6.9","1.6","0.6","4.9","1.2","3","9.9","4","3.7","62.7"
"251","Melvin Gordon III","RB","FA","5.2","5.3","11.5","-1.2","10.3","0.8","5","11.2","-","7","7","-","-","-","-","-","-","-","6.2","62.1"
"252","Chicago Bears","DST","CHI","10","5","6","6","4","7","10","-1","-1","2","4","0","-1","BYE","7","3","-2","3","3.6","62"
"253","Darnell Mooney","WR","CHI","0.8","-0.4","2.3","9.4","5.2","6.8","5.3","7","10.5","5.7","8.9","-","-","BYE","-","-","-","-","5.6","61.5"
"254","Greg Dortch","WR","ARI","6.3","11.5","8","0.6","0","0","6.6","-0.8","0.3","0","10.3","-","BYE","0","0","12.3","1.5","4.5","3.8","61.1"
"255","Mike White","QB","MIA","-","-","-","-","-","-","-","-","-","-","BYE","24.8","19.5","10.7","-","-","5.6","-","15.1","60.6"
"256","Nico Collins","WR","HOU","2.6","5.8","4.1","8.2","6.5","BYE","3.3","-","-","10.9","4.8","4.4","9.5","-","-","-","-","-","6","60.1"
"257","Cooper Rush","QB","DAL","2.6","13.6","12.4","17.6","4","8.2","-","-","BYE","-","1.2","-","-","-","-","-","-","0","7.5","59.6"
"257","Romeo Doubs","WR","GB","4.8","2.7","13.3","8.7","2.9","2.1","0","12.2","1.8","-","-","-","-","BYE","5.5","3.6","2","0","4.6","59.6"
"259","Gus Edwards","RB","BAL","-","-","-","-","-","-","18.6","6.5","-","BYE","-","9.2","1.2","6.6","5.5","9.9","0.2","1.6","6.6","59.3"
"260","Chase Claypool","WR","CHI","5.4","2.6","4.6","0","5","16.4","4.1","8.5","1.7","0.8","1.1","5.1","0.8","BYE","-","-","0","2.9","3.9","59"
"260","Robert Tonyan","TE","CHI","3.6","1.1","3.7","8.2","2.3","9","3.2","3.5","2.9","0.8","1.9","2","1","BYE","0.4","1.3","11.2","2.9","3.5","59"
"262","Chase Edmonds","RB","TB","6.5","4.1","14.7","8","0.1","3.1","1.7","1.4","-","0.9","0.6","-","-","-","-","5.3","7.3","4.5","4.5","58.2"
"263","Nick Westbrook-Ikhine","WR","TEN","1.3","1.3","4","-","7.2","BYE","0","0","0","23.9","2.8","5.8","0.4","8.3","0","2.3","0.4","0","3.6","57.7"
"264","Darren Waller","TE","NYG","7.9","11","2.2","2.4","-","-","-","0","BYE","-","-","-","-","-","10.8","5.8","13.2","3.5","6.3","56.8"
"265","Darrell Henderson Jr.","RB","FA","7.3","10.7","1.7","3.9","3","11.2","-","3","5.6","9.2","0.9","-","-","-","-","-","-","-","5.7","56.5"
"266","Austin Hooper","TE","LV","0.6","1.9","1.9","0.4","0.7","BYE","5.6","0.5","3.4","4.1","15.6","3","2.2","6.8","3.3","2","0.6","3.8","3.3","56.4"
"267","Dontrell Hilliard","RB","FA","18.9","-","4.4","1.8","8.3","-","0.4","9.5","0.8","0.8","7.8","1.9","1.6","0","-","-","-","-","4.7","56.2"
"268","Hayden Hurst","TE","CAR","4.6","2.4","0.7","8.7","11.3","2.1","4.8","4.2","3.5","-","2.8","5.7","1.2","-","-","-","2.5","1.4","4","55.9"
"269","Demarcus Robinson","WR","FA","1.9","7.2","0","1","0.8","2.7","-","6.4","1.2","-","12.8","1.7","4.1","5.2","0.9","6.6","0.9","2.4","3.5","55.8"
"270","Isaiah Likely","TE","BAL","0","4.3","0.8","-","0.7","3","1.6","13.7","8.4","BYE","0.1","-","3","-","1.8","0.4","7.2","10.3","4","55.3"
"271","Treylon Burks","WR","TEN","5.5","4.7","2.1","1.8","-","BYE","-","-","-","2.4","11.1","7","8.5","-","-","1.5","8.6","1.9","5","55.1"
"272","Terrace Marshall Jr.","WR","CAR","-","-","-","-","3","0","3.1","8.7","11.3","4.3","7.6","0.8","BYE","1.8","5.1","5.5","1.5","2.3","4.2","55"
"273","Van Jefferson","WR","LAR","-","-","-","-","-","-","BYE","-","0","8.7","4.1","8.9","3.9","10.4","3.2","1.9","7.7","6.1","5.5","54.9"
"274","Deon Jackson","RB","IND","-","-0.3","-","-","9.1","18.1","0.3","-0.4","3.6","-","1","-","0.6","BYE","9.6","0.9","1","11","4.5","54.5"
"275","Trent Sherfield","WR","BUF","0.8","0.9","0.5","5.5","0.5","0.6","4.4","2.5","2.7","12.3","-","3.3","13.5","0.7","0","2.5","3","-","3.4","53.7"
"276","Zack Moss","RB","IND","1.6","1.7","5.2","0.6","0.7","-","-","-","-","0.4","0.7","0.2","1.8","BYE","8.1","7","7.4","18.1","4.1","53.5"
"277","Kendrick Bourne","WR","NE","4.1","1.6","5.8","3.8","0","1.7","-","0","1.2","BYE","0.8","2.9","1.5","4.7","0","18.9","1.8","4.5","3.3","53.3"
"278","Greg Dulcich","TE","DEN","-","-","-","-","-","10.4","5.1","8.7","BYE","1.1","3","1.1","8.5","4.2","1.1","9.9","-","-","5.3","53.1"
"279","Tyler Huntley","QB","BAL","-","-","-","-","-","-","-","-","-","BYE","-","-","16.6","6.6","6","13.2","10.6","-","10.6","53"
"280","Will Dissly","TE","SEA","10.3","0","9.4","9.9","2.1","1.2","4.5","1.2","2.4","2.8","BYE","1.7","2.2","2","1.3","1.9","-","-","3.5","52.9"
"281","Foster Moreau","TE","NO","-","3","4.4","-","-","-","2.8","3.1","2.4","10.3","3.3","9.3","3.2","0","2","1.9","5.5","1","3.7","52.2"
"282","Allen Robinson II","WR","PIT","1.2","11.3","2.3","0.7","1.2","12.3","-","5.4","2.4","4.4","10.7","-","-","-","-","-","-","-","5.2","51.9"
"283","Quez Watkins","WR","PHI","0","12.9","0","0","1.9","-0.3","BYE","0","2.5","6","9.1","9.5","3.7","1.9","1","1.9","0","1.4","3","51.5"
"284","Nyheim Hines","RB","BUF","5.4","3.7","3","0.3","0.8","-","4.3","10.9","0","0.9","-0.8","0.3","1.8","0.7","7","1.1","-","12","3.2","51.4"
"285","Joe Flacco","QB","FA","15.4","26.9","5.4","-","-","-","-","-","-","-","-","-","-","-2","-","-","-","5.7","10.3","51.3"
"286","Elijah Moore","WR","CLE","4.9","3.5","4.9","5.5","1.1","0","0","0","BYE","-","1.7","12","1.7","6","5.4","1.5","1.8","1.1","3.2","51.1"
"286","Cade Otton","TE","TB","0","0.4","-","2.9","4.3","2.3","6.4","1.5","12.8","3.5","BYE","0","8.8","2.8","2","1.2","1.7","0.5","3.2","51.1"
"288","Joshua Kelley","RB","LAC","3.5","2.5","0.3","1.5","14.2","-","-","BYE","-","-","-","2","3","3.5","9.1","4.2","4.6","2.4","4.2","50.8"
"289","JaMycal Hasty","RB","JAC","-","-","0","2.2","0.6","11.2","0.6","1","1.1","0.3","BYE","15.5","-","1.3","1.5","2.1","11.6","0.5","3.5","49.5"
"290","Jamal Agnew","WR","JAC","1.2","0.1","1.7","17","0.3","2.4","-","-","0","0.4","BYE","9.7","4.3","4.4","6.4","0.8","-0.2","0.8","3.3","49.3"
"291","Jelani Woods","TE","IND","-","-","13.3","3.3","0","8.7","0.4","-","0.2","-","-","9.8","2.8","BYE","3.6","4.3","1.9","0.9","4.1","49.2"
"292","Jameis Winston","QB","NO","21.7","10.6","16.6","-","-","-","-","-","-","-","-","-","-","BYE","-","-","-","-","16.3","48.9"
"293","Trenton Irwin","WR","CIN","-","-","-","-","-","-","-","2.7","2.5","BYE","10.2","1.6","1.2","11.8","0.5","16.5","-","1.2","5.4","48.2"
"293","Rashaad Penny","RB","PHI","6.7","1.5","6.9","27.7","5.4","-","BYE","-","-","-","-","-","-","-","-","-","-","-","9.6","48.2"
"295","Randall Cobb","WR","NYJ","1.4","3.7","5.7","4.2","9.9","0.8","-","-","-","BYE","7.3","7.9","0","-","3.2","0.5","2","1.1","3.7","47.7"
"296","Jauan Jennings","WR","SF","6.2","0.4","0.5","2.2","4.5","1.8","2.4","-","BYE","4","0","10.9","3.4","0.5","3.1","2.1","4.6","1","3","47.6"
"296","Kyle Pitts","TE","ATL","1.9","1.9","8.7","2.5","-","7.9","0.9","14","2.7","2.8","4.3","-","-","BYE","-","-","-","-","4.8","47.6"
"298","Rondale Moore","WR","ARI","-","-","-","0.7","6.1","4.9","3.1","16.4","6.9","9.4","-0.6","-","BYE","-","-","-","-","-","5.9","46.9"
"299","Julio Jones","WR","FA","8.6","-","-","0.7","-","-","-","8.1","2.8","11.3","-","5.5","2.8","3.8","-","0.5","2.3","-","4.6","46.4"
"300","Dante Pettis","WR","CHI","11.1","0","0","0","0","14.4","3.1","1.8","1.2","1.7","0","1.2","1.4","BYE","1.3","7.1","0","1.9","2.7","46.2"
"301","Zonovan Knight","RB","NYJ","-","-","-","-","-","-","-","-","-","BYE","-","10.3","11.8","13.7","2.3","1.3","4.4","2.2","6.6","46"
"302","Laviska Shenault Jr.","WR","CAR","-","-","15","0","-","-","0.8","2.6","0.6","11.9","0.7","2.1","BYE","3.8","0","5.3","2","0.9","3.5","45.7"
"303","Jarrett Stidham","QB","DEN","-","-","-","-","-","-","-","2.9","BYE","-","-","-","-","-","-","-","28","14.8","15.2","45.6"
"303","Brock Wright","TE","DET","-","2.5","-","0","-","BYE","5.7","0.6","0","6.2","2","0.6","2.5","0","11.1","1.1","13.3","0","3.3","45.6"
"305","Ben Skowronek","WR","LAR","2.5","1.6","6.6","3.3","4.1","11.7","BYE","1","0","1.4","0.4","0.5","3","8.9","0.3","-","-","-","3.2","45.3"
"306","Tutu Atwell","WR","LAR","0","-","0","-","5.4","0.9","BYE","-","-","-","12.2","2.3","7.1","4.5","0.6","1.4","1","9.8","3.8","45.2"
"307","Daniel Bellinger","TE","NYG","-","7.6","4","2.3","8.4","9.8","1.3","-","BYE","-","-","-","2.4","1.9","0.4","2.7","4.2","-","4.1","45"
"308","Tyquan Thornton","WR","NE","-","-","-","-","0.7","17.3","1.9","1.3","0.5","BYE","0.5","-","3.1","2.8","2.1","0.8","12","1.3","3.7","44.3"
"309","Nelson Agholor","WR","BAL","0.8","17","2.1","4.6","0","-","0","0.2","-","BYE","1.8","12.5","1.7","3.2","0.3","0","0","0","2.9","44.2"
"309","Colby Parkinson","TE","SEA","10.3","-","4.4","2.8","-","1.1","2.8","0.5","0.6","0.7","BYE","-","1.2","1","0","4.5","9.6","4.7","3.2","44.2"
"311","Ray-Ray McCloud III","WR","SF","2","1.6","1.1","0.6","0","0","12.5","1.1","BYE","3.3","0","1.2","0","1.8","1.6","13.1","4.2","0","2.6","44.1"
"312","Equanimeous St. Brown","WR","CHI","7.8","3.9","6.3","0.9","2.4","0.1","4.8","0.6","0","0.9","2.4","0.7","8.6","BYE","2","-","2","0.3","2.7","43.7"
"313","Justin Watson","WR","KC","0","11","0","0","1","0","6.4","BYE","3.7","1.2","6.7","2.6","1.5","0","0","0","2.7","6.7","2.6","43.5"
"314","Hunter Renfrow","WR","LV","2.1","3.9","-","-","2.5","BYE","5.5","0.6","2.6","-","-","-","-","-","1.4","10.2","1.9","12.3","4.3","43"
"315","Caleb Huntley","RB","ATL","-","0.3","-","11.6","3.4","5.9","2.2","9.1","3.4","3.2","0.6","1.3","1.7","BYE","0.2","-","-","-","3.6","42.9"
"316","P.J. Walker","QB","CHI","-","-","-","-","2.4","2.3","15.1","17.7","-1","5.7","-","-","-","BYE","-","-","-","-","7","42.1"
"317","Teddy Bridgewater","QB","FA","-","-","0","11.8","0","20.2","-","-","-","-","-","-","-","-","-","-","10","-","8.4","42"
"317","Noah Gray","TE","KC","1","1.2","2.6","6.1","0.7","1.3","1","BYE","4.5","8","1.5","1.6","1.5","4.5","3.1","0.8","1.2","1.4","2.5","42"
"319","Bailey Zappe","QB","NE","-","-","-","6","11","17.4","7.3","-","-","BYE","-","-","-","-","-","-","-","-","10.4","41.6"
"320","Kadarius Toney","WR","KC","2.3","0","-","-","-","-","-","BYE","1.2","15","0","-","-","-","0.5","6.8","5.1","10.4","4.6","41.3"
"321","Boston Scott","RB","PHI","7","2.1","0","-","-","1.6","BYE","2.1","0.5","0.5","1.2","2.4","2.1","9.7","0","0","0.6","11.4","2.7","41.2"
"322","Elijah Mitchell","RB","SF","4.1","-","-","-","-","-","-","-","BYE","8.8","5.9","4.3","-","-","-","-","-","17.5","8.1","40.6"
"323","Dustin Hopkins","K","LAC","7","6","4","10","-","13","-","BYE","-","-","-","-","-","-","-","-","-","-","8","40"
"324","Gardner Minshew II","QB","IND","-","-","-","-","-","-","-","0.8","-","-","-","-","0.4","-0.1","-","24.7","14","-","8","39.8"
"324","Matt Breida","RB","NYG","2.4","-0.4","0.3","1.8","2.7","1.1","3.3","1.5","BYE","2","8.9","1.5","0.4","1.5","1.2","0.9","6.7","4","2.3","39.8"
"326","Braxton Berrios","WR","MIA","3.7","2.2","-0.2","4.7","7.4","8.6","4.2","0","0.6","-","0","1.3","0.9","2.5","1.4","0","2.4","0","2.3","39.7"
"327","Shi Smith","WR","CAR","1.2","0.2","2.2","0","6.9","0","0","0","2","1.7","0.6","0","BYE","7.7","2.4","1.7","13","0","2.3","39.6"
"328","Justin Jackson","RB","FA","-","0","0","6.7","1.4","-","0.2","0","2.7","2.8","7.7","1.9","2.3","9.1","3.1","-0.1","-","1.3","2.6","39.1"
"329","MyCole Pruitt","TE","FA","-","-","-","-","-","6.2","-","-","0.6","0.6","1.7","6.9","6.7","-","2","0","4.9","9.4","3.9","39"
"330","Damiere Byrd","WR","CAR","-","-","-","0","0","-","13.5","12.7","0","5.8","2.9","-","1.2","-","0","1.5","1.2","0","3.2","38.8"
"331","Desmond Ridder","QB","ATL","-","-","-","-","-","-","-","-","-","-","-","-","-","BYE","7.7","9.5","5.7","15.9","9.7","38.7"
"332","Sam Ehlinger","QB","IND","-","-","-","-","-","-","-","7.5","7","-","-","-","-","BYE","-","-","7.6","16.5","9.7","38.6"
"333","Rashod Bateman","WR","BAL","11.9","16.8","3.9","1.7","-","-","4.2","0","-","BYE","-","-","-","-","-","-","-","-","6.4","38.5"
"334","Logan Thomas","TE","WAS","4.5","9.7","0.5","1.9","-","-","-","-","0","1.2","6.5","0.7","2","BYE","0.6","3.5","5.6","1.6","2.9","38.3"
"335","A.J. Green","WR","FA","1.3","3.6","0","-","2","0.7","-","0","-","7","5","0.5","-","0.7","0","-","1.7","15.1","2.9","37.6"
"336","Colt McCoy","QB","ARI","-","-","-","-","-","-","-","-","-","13.9","8.3","-","BYE","11.2","2.3","-","-","-","9","35.8"
"337","C.J. Uzomah","TE","NYJ","-","-","0.5","0","1.2","1.7","0.5","2.7","1.6","BYE","0","1.7","3.1","0.7","16.1","3","2.4","-","2.5","35.2"
"337","Jarvis Landry","WR","FA","11.4","2.5","2.2","2.7","-","-","-","-","-","3.7","9.3","2","1.4","-","0","-","-","-","3.9","35.2"
"339","Michael Thomas","WR","NO","17.7","12.5","4.9","-","-","-","-","-","-","-","-","-","-","BYE","-","-","-","-","11.7","35.1"
"340","Mo Alie-Cox","TE","IND","2.6","0.9","0.9","20.5","0.7","-","-","0","1.3","-","1.4","1.4","-1.4","BYE","0","0.2","0","6.4","2.5","34.9"
"341","Kyle Juszczyk","RB","SF","0","6.1","2.4","4.4","2.7","3.3","3.4","-","BYE","-","0.4","0.2","7.2","0.7","-","-","0.9","2.9","2.7","34.6"
"342","Rex Burkhead","RB","FA","7","0.9","3","9.9","2.8","-","1.9","0.2","1.5","3","-","0.5","-","0.2","1.7","0.7","1","0.1","2.3","34.4"
"343","Mark Ingram II","RB","FA","0.3","4.1","7.8","4.3","3.6","5.7","2.2","0.2","-","-","-","1","4.9","-","-","-","-","-","3.4","34.1"
"344","Tre'Quan Smith","WR","NO","-","-","10.5","1.8","1","10.3","5.9","0","2.9","0","-","0.8","-","BYE","-","-","-","0.6","3.4","33.8"
"345","Tommy Tremble","TE","CAR","0.1","-","0.7","3.4","0","-","8.9","1.7","5.1","0","0","0.2","BYE","0","2","1.8","9.3","0.2","2.2","33.4"
"346","Raheem Blackshear","RB","CAR","-","-","-","-","0","0","-0.5","0.1","11.3","3.2","1.4","-0.9","BYE","10.9","0","7.5","-0.1","0.1","2.5","33"
"347","Trey McBride","TE","ARI","-","-","-","2.4","-","0","0","0","-","0.7","1.4","0.1","BYE","2.8","5.5","1.7","13.8","4.1","2.7","32.5"
"348","Kendall Hinton","WR","DEN","-","2","2.7","3.9","-","0.8","1.4","-","BYE","6.2","5.7","4.8","1.1","3.8","-","-","0","-","2.9","32.4"
"349","Chosen Anderson","WR","MIA","16.2","1.2","1.4","2.6","3.2","-","0","0","-0.4","-","BYE","1.7","-","5","0","-","1.3","-","2.7","32.2"
"350","Jordan Mason","RB","SF","0","0","0.7","-","0","-","-","-","BYE","-","1.4","2.5","5.1","5.6","6.4","0","7.3","2.8","2.7","31.8"
"351","Phillip Dorsett II","WR","LV","0","-","1.5","0","0","BYE","10.5","0.6","6.9","2.2","0","0.5","1.8","1.8","0","4.5","1.4","-","2.1","31.7"
"352","Ty Johnson","RB","FA","-","0.4","-","0","0","-","0.9","0.6","1.7","-","0.4","13.8","4.1","-","-","0.7","5.7","2.5","2.6","30.8"
"353","Harrison Bryant","TE","CLE","1.8","4.5","-","1.8","0","1.8","1.5","-","BYE","7.5","4.1","0.9","1.4","0.8","0.7","-","1.9","2","2.2","30.7"
"354","Sammy Watkins","WR","FA","1.8","9.3","-","-","-","-","3.6","0.3","0.9","4.7","0","-","-","-","-","4","-","5.9","3.4","30.5"
"355","Marlon Mack","RB","FA","-","0","-","0","-","-","-","-","-","-","-","1.2","0.9","13.7","12.3","2.2","0","-","3.8","30.3"
"356","Irv Smith Jr.","TE","CIN","0","9.6","3.2","2.3","4.2","6.7","-","2.8","-","BYE","-","-","-","-","-","-","-","1.4","3.8","30.2"
"356","Kylen Granson","TE","IND","2.2","1.4","0.7","6.2","1.6","3.8","0.6","1.1","0","5.7","1.6","-","1.9","BYE","3.4","-","-","-","2.3","30.2"
"356","DeeJay Dallas","RB","SEA","0","-1","3.8","0","1","0.1","4.1","0","0.4","0","BYE","1.5","3.7","-","-","4.2","9.8","2.6","2","30.2"
"359","Justice Hill","RB","BAL","1.1","1.6","6","5.7","-","-","0.6","2.8","1.9","BYE","3.8","0.3","0.6","0","1.8","0.4","0","3.4","2","30"
"359","Shane Zylstra","TE","DET","-","-","0","-","-","BYE","-","-","6.1","0","-","-","0.4","1.8","0.4","20.6","0.7","0","3.3","30"
"361","Jake Ferguson","TE","DAL","-","-","1.3","0.7","-","10","0.7","6.1","BYE","-","1.5","5.7","-0.1","-","-","2.4","0.7","0.4","2.7","29.4"
"362","Ameer Abdullah","RB","LV","0","2.3","0","0","0","BYE","0.7","2.8","0.8","3.3","0.5","11.5","0.4","1.7","1.4","2.7","-","1","1.8","29.1"
"363","J.D. McKissic","RB","FA","4.8","6.3","4","5.6","3.7","2","0.4","2","-","-","-","-","-","-","0","-","-","-","3.2","28.8"
"364","Dare Ogunbowale","RB","HOU","-","0","-","0","0","BYE","6.2","0","0","1.3","0.5","8","2.1","0.1","1.4","2.8","2.5","3.8","1.9","28.7"
"365","Wan'Dale Robinson","WR","NYG","0.5","-","-","-","-","9.7","5","1.5","BYE","1.5","10.4","-","-","-","-","-","-","-","4.8","28.6"
"366","Peyton Hendershot","TE","DAL","-","-","4.3","0","0","2.2","6.5","1.5","BYE","0","-0.2","6.2","0","-","8","-","0","-","2.4","28.5"
"367","Malik Davis","RB","DAL","-","-","-","-","-","-","-","4.1","BYE","3.8","3.5","-","8.9","-","-","-","6.2","1.9","4.7","28.4"
"368","KhaDarel Hodge","WR","ATL","3.8","5.7","-","0","5.3","0","0","-","1.9","9.7","1.3","-","0","BYE","0","0","0.5","-","2.2","28.2"
"369","Dyami Brown","WR","WAS","-","-","0","0.6","22.5","0","-","-","0","1.5","-","1.7","-","BYE","1.5","-","-","0","3.1","27.8"
"370","Ashton Dulin","WR","IND","4.6","8.2","0.7","1.8","1.8","-","-","-","-","-","0","0","7.4","BYE","3","0","-","-","2.8","27.5"
"371","Travis Homer","RB","CHI","0.2","4.2","0.7","0","-","0","-","3.1","3.2","0","-","11.3","-","3.4","1","0","-","-","2.3","27.1"
"372","Velus Jones Jr.","WR","CHI","-","-","-","-2","6.9","-0.2","-","3.8","-","-","0","0.6","0.1","BYE","-1.7","5.2","1.3","13","2.5","27"
"373","Josh Oliver","TE","MIN","-","-","6.8","-","0","2.1","0","0.4","1.9","-","0.2","13.6","-","-","1.3","0.6","0","0","2.2","26.9"
"374","Adam Trautman","TE","DEN","-","-","0.9","3.7","9.2","0.8","-","-","0.8","2.2","1.2","1.7","2.8","-","0","0","1.6","1.8","2.1","26.7"
"375","O.J. Howard","TE","LV","15.8","0.7","0","2.7","0","BYE","-","2.4","1.4","0","0.9","0","-","-","-","-","2.6","-","2.4","26.5"
"376","Javonte Williams","RB","DEN","8.8","8.5","6","2.7","-","-","-","-","BYE","-","-","-","-","-","-","-","-","-","6.5","26"
"377","Byron Pringle","WR","FA","2.2","0","1.1","-","-","-","-","-","-","1.2","0","7.2","-","-","9.9","3.4","0","0.5","2.6","25.5"
"378","Jonnu Smith","TE","ATL","3.3","0","2.5","-","-","6.1","0.4","1","2.1","-","4.5","-","0.6","0","2.4","2.1","-","-","2.1","25"
"378","Durham Smythe","TE","MIA","1.4","0.5","2.3","0","6.9","-","-","-","0","0","BYE","6.4","2.1","-","-0.2","0.8","0.9","3.9","1.9","25"
"380","Khalil Shakir","WR","BUF","-","0","-","2.3","13.5","1.4","BYE","0","-","0.6","-","-","1","0","-","2.5","-","2.8","2.4","24.1"
"381","Gary Brightwell","RB","NYG","0","1.4","-","0","6.5","0","-","0","BYE","0","0","4.9","0","4.1","0","-0.1","0.9","6.3","1.6","24"
"382","Jalen Nailor","WR","MIN","-","-","-","1.3","-","-","BYE","-","-","0","1.5","0","-","0","0","-","14.9","6.2","3","23.9"
"383","Connor Heyward","TE","PIT","0","0","-","-","1.2","4.9","0.6","0","BYE","0.9","0","0","7.7","1.3","0","2.1","0","5.1","1.6","23.8"
"384","Brandon Powell","WR","MIN","1.3","-2","2.7","1.1","0.1","4","BYE","0","0.4","0.7","1.5","0.6","8.4","0","0.7","1.5","0.9","1.7","1.4","23.6"
"385","Teagan Quitoriano","TE","HOU","-","-","-","-","-","BYE","-","-","6.2","-","0","2","0","-","6.8","0","-","8.3","3.3","23.3"
"385","Alec Ingold","RB","MIA","1","1.6","0","-","-","1.2","-","6.6","-","10.5","BYE","0","1.5","0","0.9","0","0","-","1.9","23.3"
"387","Amari Rodgers","WR","HOU","0","0","0","0","0","1.4","-0.6","2.2","0","-2","-","-","-","12","2.6","3.7","1.6","2.2","1.5","23.1"
"388","Austin Seibert","K","FA","5","11","7","-","-","-","-","-","-","-","-","-","-","-","-","-","-","-","7.7","23"
"389","Joshua Dobbs","QB","CLE","-","-","-","-","-","-","-","-","BYE","-","-","-","-","-","-","-","11.5","11.4","11.4","22.8"
"390","Malik Willis","QB","TEN","-","-0.2","-","-","-","BYE","-","2.4","7.2","-2.4","-","-","1.4","-","1.6","12.3","-","-","3.2","22.3"
"391","River Cracraft","WR","MIA","-","6.2","7.1","0","0","0","-","-","-","-","BYE","5.5","2.9","-","-","-","-","0.5","2.8","22.2"
"392","Brett Rypien","QB","LAR","-","-","-","-","-","-","8.9","-","-","-","-","-","-","3.6","8.7","0.8","-","-","5.5","22"
"393","Craig Reynolds","RB","DET","-","2.9","1.8","4.2","9.2","BYE","3","0.7","0","-","-","-","-","-","-","-","-","-","3.1","21.8"
"393","Marquez Callaway","WR","DEN","-","-","6.4","5.3","0.5","3.6","2","1","2.4","-","0.6","-","0","-","-","-","-","0","2.2","21.8"
"395","Kyren Williams","RB","LAR","-","-","-","-","-","-","BYE","-","-","3.9","4.4","6","0.9","2.9","0.7","2.1","0.6","-","2.7","21.5"
"396","Skyy Moore","WR","KC","3","0","-2","3.1","1.5","2.4","-2","BYE","0","0.6","6.3","1.6","1.2","0.7","1.2","0.5","3.3","-","1.3","21.4"
"396","David Bell","WR","CLE","-","0.6","0.6","3.5","0.6","1.3","0.7","2.7","BYE","2.4","2.2","2.3","0","2.7","-","1.8","0","0","1.4","21.4"
"396","Sterling Shepard","WR","NYG","13.1","3.4","4.9","-","-","-","-","-","BYE","-","-","-","-","-","-","-","-","-","7.1","21.4"
"399","C.J. Ham","RB","MIN","0.6","-","1.5","0","-","0.3","BYE","0","-","6.3","-","-","0","0.9","6.5","0.5","-","4.7","1.9","21.3"
"400","Zach Pascal","WR","ARI","0.7","1.4","1.8","0","-","0","-","11.7","0.8","1","0.9","0","1.6","0.5","0","0.6","0","-","1.4","21"
"401","Davis Webb","QB","FA","-","-","-","-","-","-","-","-","-","-","-","-","-","-","-","-","-","20.8","20.8","20.8"
"401","Jody Fortson","TE","KC","6.1","0","0","7","-","-","0.8","BYE","-","-1.4","5.1","2.6","0.6","-","0","-","-","-","2.1","20.8"
"401","Eric Saubert","TE","MIA","0","8.2","0","2.5","3.6","-","0","0","-","1.2","1.6","-","0","0.2","0.5","0","3","-","1.5","20.8"
"404","Marcedes Lewis","TE","FA","-","-","-","-","6.2","-","-","-","1.9","-0.1","-","-","2","-","1.4","9.2","-","-","3.4","20.6"
"405","David Blough","QB","ARI","-","-","-","-","-","-","-","-","-","-","-","-","BYE","-","-","-","13.6","7","10.3","20.6"
"406","Skylar Thompson","QB","MIA","-","-","-","-","3.6","4.5","-","-","-","0.7","BYE","-1.3","-1","-","-","-","7.6","6.4","2.9","20.5"
"407","Pierre Strong Jr.","RB","NE","-","0","-","-","-","0.5","-","0","0","BYE","0","0","-","15","3.7","1","0","-","2","20.2"
"408","Keelan Cole Sr.","WR","LV","-","-","1.2","0","0","BYE","-","3","-","0","2.1","1.2","0","1.1","11","0","-","0.5","1.7","20.1"
"409","Matt Ammendola","K","FA","-","9","3","-","5","3","-","-","-","-","-","-","-","-","-","-","-","-","5","20"
"409","Johnny Mundt","TE","MIN","1.7","2.8","2.3","0","0.6","0.1","BYE","6.1","0.1","-","0.8","2","1.2","-","0.7","1.6","-","-","1.5","20"
"411","Kyle Allen","QB","BUF","-","-","-","-","-","-","BYE","-","-","0","-","11.8","8.1","-","-","-","-","-","6.6","19.9"
"411","Mitchell Wilcox","TE","FA","-","0.3","0.9","1.8","-","-","1.4","0.3","-","-","-","-","1.3","1","9.4","3.5","-","-","2.2","19.9"
"411","Eric Tomlinson","TE","FA","0","-","-","-","0","1.6","2.1","0","-","0","-","-","-","1.1","8.8","-","-","6.3","2.2","19.9"
"414","Mike Boone","RB","HOU","0.2","-","0","2.9","8.5","0.4","2.3","-","-","-","-","-","2.6","2.9","-","-","-","-","2.5","19.8"
"415","Ian Thomas","TE","CAR","5.3","1.3","1.3","0.6","0.8","2.2","0.3","0.2","-","-","2.4","2.1","BYE","1.1","0","1.2","0.9","-","1.4","19.7"
"416","Avery Williams","RB","ATL","-","0.6","0.9","2.1","8.1","0.8","0.4","0.7","0.2","2.5","-2","0","0","BYE","1","3","0","1.2","1.2","19.5"
"417","Scott Miller","WR","ATL","-","4.2","0.4","-","3.5","0","0.6","1.3","5.3","2.5","-","-","0.7","0","-","0","-","0.8","1.6","19.3"
"418","Sam Howell","QB","WAS","-","-","-","-","-","-","-","-","-","-","-","-","-","BYE","-","-","-","19.3","19.3","19.3"
"419","Jonathan Williams","RB","WAS","0","-","0.6","4.8","0","-","-","-","-","-","-","2.2","0.1","BYE","-","4.1","3.3","4.1","2.1","19.2"
"420","Tevin Coleman","RB","FA","-","-","-","-","18.7","0.3","-","-","-","-","-","-","-","-","0","-","-","-","6.3","19"
"420","Donald Parham Jr.","TE","LAC","-","-","-","-","0","5.3","-","BYE","-","-","-","-","-","-","3.5","0.8","6.3","3.1","3.2","19"
"420","Rodrigo Blankenship","K","FA","9","-","-","-","-","-","10","0","-","-","-","-","-","-","-","-","-","-","6.3","19"
"423","Jalen Reagor","WR","MIN","0","2.4","0.2","0","6.1","0","BYE","0","0","0","1.4","2.5","4.6","0","-0.5","0","0","2.2","1.1","18.9"
"424","KJ Hamler","WR","DEN","0","-","0","5.5","1","4.4","1.8","6.1","BYE","-","-","-","-","-","-","-","-","-","2.7","18.8"
"424","Brandon Bolden","RB","LV","8.8","-","2.1","-0.1","3.4","BYE","0","-","1","-","0.4","-","-","0","0","0","3.2","0","1.6","18.8"
"426","Denzel Mims","WR","NYJ","-","-","-","-","-","-","0.4","7.6","1.2","BYE","3.5","1.1","0","3.5","1.3","-","0","-","2.1","18.6"
"427","Malcolm Brown","RB","FA","-","-","-","-","-","2.8","-","1","1.9","-","-","-","-","1.7","0","2.1","8.3","-","2.5","17.8"
"427","John Wolford","QB","TB","-","-","-","-","-","-","-","-","-","9.8","BYE","-","8","-","-","-","-","-","8.9","17.8"
"427","Lawrence Cager","WR","NYG","0","-","-","-","-","-","-","0","BYE","6.9","2","2","-","-","-","-","-","6.9","3","17.8"
"430","N'Keal Harry","WR","FA","-","-","-","-","-","-","1.4","8.4","0.6","-","-","-","4.9","-","-","-","1.6","0.7","2.9","17.6"
"431","Bryce Perkins","QB","FA","-","-","-","-","-","-","-","-","-","0.3","6.5","10.4","0.5","-","-","-0.2","-","-","3.5","17.4"
"431","Cameron Brate","TE","FA","0.7","0.9","5.2","3.2","-","1.4","-","-","-","0.8","-","1.5","-","1.2","2.5","-","-","-","1.9","17.4"
"431","Steven Sims Jr.","WR","HOU","-","-","-","-","0","-0.5","-","2","-","1.7","-0.3","0.9","1.9","3.1","2.9","0.7","3.4","1.6","1.5","17.4"
"434","James Mitchell","TE","DET","-","-","-","-","-","BYE","-","1.4","6.8","0.4","-","2.2","-","-","1.2","3.1","1.5","0.7","2.2","17.3"
"435","Darrel Williams","RB","FA","-","12.2","0.7","1.9","0.9","-","-","1.4","-","-","-","-","-","-","-","-","-","-","3.4","17.1"
"436","Corey Clement","RB","ARI","-","-","-","-","-","-","-","-","-","-","0","0.8","BYE","2.1","-","-","3.2","10.8","3.4","16.9"
"437","John Bates","TE","WAS","0","1.5","0","1.9","3.9","-","-","0.6","0.5","-","0","8.4","-","BYE","0","-","-","-","1.7","16.8"
"438","Benny Snell Jr.","RB","FA","0","-","-","0","-","-","0","-","-","0","-","12.8","3.5","0.4","-","0","-","0","1.9","16.7"
"439","Ross Dwelley","TE","SF","1.1","9.8","-","0","0","-","-","5.6","BYE","-","-","-","-","-","-","-","-","-","3.3","16.5"
"440","Jeff Driskel","QB","ARI","0.5","1","-","-","-","-","-","-","-","-","-","-","BYE","9.1","1.1","2.2","1.1","1.2","2.3","16.2"
"441","Sony Michel","RB","FA","1.2","1.9","3.1","2.7","0","4.2","1.3","-","1.2","0.2","0.1","-","-","-","-","-","-","-","1.6","15.9"
"442","Albert Okwuegbunam","TE","DEN","3.3","0","1.2","-","0.5","-","-","-","BYE","-","-","-","-","-","-","-","10.5","0","2.6","15.5"
"443","DeSean Jackson","WR","FA","-","-","-","-","-","-","-","-","1.6","-","-","7.4","1","3.4","0","1","0.9","-","2.2","15.3"
"444","Ronald Jones II","RB","DAL","-","-","-","-","-","-","-","-","BYE","-","-","3.4","-","-","0.6","0.4","0.3","10.5","3","15.2"
"444","Derek Watt","RB","FA","-","0.2","-","-","0.1","0","0","6.6","-","0.5","-","0.5","0.7","-","0.2","0","0.3","6.1","1.3","15.2"
"446","Taylor Bertolet","K","FA","-","-","-","-","12","-","3","-","-","0","-","-","-","-","-","-","-","-","5","15"
"446","Hassan Haskins","RB","TEN","-","3.7","0","0","0","BYE","0.5","0","0.7","0","0","0","-","-","1.5","1.7","5.3","1.6","1.1","15"
"448","Anthony Schwartz","WR","CLE","3.9","-","-","-","0","0","-","-","BYE","0.3","0","10.8","-0.2","-","-","-","-","-","2.1","14.8"
"449","Cedrick Wilson Jr.","WR","MIA","2.8","0","-","-","2","-","0","0","2.3","0.7","BYE","2.6","0","1.9","2.1","0","0","-","1.1","14.4"
"450","Breshad Perriman","WR","FA","-0.7","10.5","2.4","-","-","0","-","1.1","0.1","-","-","0","-","-","-","-","-","0.9","1.8","14.3"
"451","Samori Toure","WR","GB","-","-","-","-","-","-","0.4","9.7","3.4","-","-","-","0.7","BYE","-","-","-","-","3.6","14.2"
"452","Jameson Williams","WR","DET","-","-","-","-","-","BYE","-","-","-","-","-","-","0","10.1","0","0","4","0","2.4","14.1"
"452","Kenny Golladay","WR","FA","2.2","-","0","0","-","-","-","-","-","0","2.9","-","-","-","-","-","-","9","2.4","14.1"
"452","Keaontay Ingram","RB","ARI","-","-","-","-","-","0.7","9.7","0","0.2","0.5","1.9","0.5","BYE","0.1","0","0.2","-","0.3","1.3","14.1"
"452","Tom Kennedy","WR","DET","-","-","-","5.4","0","BYE","1.4","-","1.6","4.4","1.3","0","-","-","-","-","-","-","2","14.1"
"456","Ko Kieft","TE","TB","-","0","0","1.9","0","0","1.8","0.9","0.6","-","BYE","6.5","1.2","1.1","0","0","0","-","1","14"
"457","Zander Horvath","RB","LAC","6.8","6.1","0","0","0.3","0","-","BYE","-","0.1","0.3","-","-","-","-","-","-","-","1.7","13.6"
"457","Reggie Gilliam","RB","BUF","-","7.7","2.2","-","-","1.8","BYE","-","-","-","0","0","-","-","-","1.2","0.7","0","1.7","13.6"
"459","Trace McSorley","QB","NE","2.5","-","-","-","-","-","-","-","-","BYE","2","-","-","-","2.6","5.1","-","1.5","2.7","13.6"
"460","Dan Arnold","TE","PHI","-","0.8","-","2.6","2","-","2.4","0.8","1.9","0.8","-","-","0","0.5","-","1.7","0","-","1.2","13.5"
"461","Trey Lance","QB","SF","11","2.5","-","-","-","-","-","-","BYE","0","-","-","-","-","-","-","-","-","4.5","13.5"
"462","Jeff Smith","WR","NYG","-","1.7","-","0","1.1","-","0","2.3","0.6","-","-","-","-","-","7.7","-","-","-","1.9","13.4"
"463","Zach Gentry","TE","PIT","4","-","-","0.2","4.3","0.4","0","0.3","BYE","0","0.8","-0.4","0.8","0","0.4","0.1","-","2.3","0.9","13.2"
"463","Salvon Ahmed","RB","MIA","-","-","-","-","-","-","-","0.2","0","1.1","BYE","-","-","0.1","10.3","-","0.8","0.7","1.9","13.2"
"463","Tanner Hudson","TE","CIN","-","2.2","-","1.8","-","-","0","5.8","-","2.4","-","1","-","-","-","-","-","-","2.2","13.2"
"466","Royce Freeman","RB","FA","-","-","-","-","-","-","-","-","-","-","-","0","-","-","5.6","3.8","3.9","-0.3","2.6","13"
"467","Brevin Jordan","TE","HOU","0.5","0.3","-","-","-","BYE","0","1.9","0.5","-","-","-","4.6","-","0.9","2.1","2","-","1.4","12.8"
"468","Nick Mullens","QB","MIN","-","-","-","-","-","-","BYE","-","-0.1","-","2.2","-","-","-","-","-","6.3","4.4","3.2","12.8"
"469","Chris Myarick","TE","NYG","6.1","0","0.6","-","0.4","-","2.1","1","BYE","0","-","2.3","0","0","-","-","-","-","1.3","12.5"
"470","Quintin Morris","TE","BUF","-","0.6","2.2","0","1.9","0","BYE","-","-","-","-","0.3","-","-","7.4","0","-","0","1.4","12.4"
"471","Tyrod Taylor","QB","NYG","-","0","-","2.4","-","-","-","-","BYE","-","-","-","-","9.9","-","-","-","-","4.1","12.3"
"471","Jack Stoll","TE","PHI","-","-","0.4","-","-","2.1","BYE","0","1.3","1.1","0.7","0","4.1","2","0.6","-","-","-","1.2","12.3"
"473","T.Y. Hilton","WR","FA","-","-","-","-","-","-","-","-","-","-","-","-","-","-","-","5.2","5","1.9","4","12.1"
"474","Geoff Swaim","TE","FA","1.9","-","7.9","-","0.5","-","0","-","-","0","0.3","0","0.4","0","-","-0.1","0.4","0.5","1","11.8"
"475","Pharaoh Brown","TE","IND","1.7","2.4","3.1","-","-","2.1","0","0","-","1.3","0","-","1.1","BYE","-","-","-","-","1.3","11.7"
"475","Jordan Love","QB","GB","2.6","-","-","-","-","0.3","-","-","-","-","-","8.5","-","BYE","-","-","0.3","-","2.9","11.7"
"477","Jalen Virgil","WR","DEN","-","-","-","-","-","-","-","-","BYE","12.6","-","-2","0","0.9","0","0","-","0","1.6","11.5"
"478","Josiah Deguara","TE","GB","2.8","-","-","0","1.9","0.9","-","0.9","4.1","-","-","-","0","BYE","-","0.4","0.4","-","1.3","11.4"
"479","Kevin Harris","RB","NE","-","-","-","-","-","0.5","-","-","-","BYE","-","-","-0.1","8.6","1.9","0.3","-","-","2.2","11.2"
"480","Trevor Siemian","QB","CIN","-","-","-","-","-","-","-","0.2","-","BYE","-","11","-","-","-","-","-","-","5.6","11.2"
"481","Brycen Hopkins","TE","LAR","-","-","-","-","-","-","BYE","-","0","1.1","-","1.2","-","0.8","-","5.7","2.1","0","1.6","10.9"
"482","David Sills V","WR","NYG","-","3.7","2","0.5","1.2","0.8","1.9","0.5","BYE","-","-","-","-","-","-","-","-","-","1.5","10.6"
"483","John Brown","WR","FA","-","-","-","-","-","-","-","-","-","-","-","-","-","0","-","-","-","10.2","5.1","10.2"
"483","Snoop Conner","RB","JAC","-","-","-","-","-","-","-","-","-","-","BYE","1.1","0.6","-","0.3","0.5","7.7","-","2","10.2"
"485","Giovanni Ricci","TE","CAR","0","1.6","1.5","0","2.7","-","0","0","0.8","0.2","-","-","BYE","-","-","-","3.2","0","0.9","10"
"485","Caleb Shudak","K","TEN","-","-","-","-","-","BYE","-","-","-","-","-","10","-","-","-","-","-","-","10","10"
"485","Tristan Vizcaino","K","DAL","-","-","-","-","-","-","-","-","BYE","10","-","-","0","-","-","0","-","-","3.3","10"
"485","Anthony Firkser","TE","NE","0.6","-","2.2","-","1.1","-","-","-","-","BYE","-","1.6","2.4","-","0","1","-","1.1","1.3","10"
"489","Tyrion Davis-Price","RB","SF","-","3.3","-","-","-","-","0.4","-","BYE","-","-","-","-","-","-","3","0.5","2.7","2","9.9"
"489","Marcus Johnson","WR","FA","-","-","-","-","3.5","2.5","0","0.3","-","-","-","-","0","-","0","0","-","3.6","1.2","9.9"
"491","Chris Evans","RB","CIN","-","-","0.4","0","0","0","0","2.6","0","BYE","-","0","6.8","-","0","-","-","-","1","9.8"
"492","Darrynton Evans","RB","FA","-","-","-","-","-","-","-","-","-","-","-","6.7","2.1","-","0.9","-","-","-","3.2","9.7"
"492","Dax Milne","WR","WAS","0","0.6","1.2","0","0","0.5","0.4","0.4","6.6","0","0","-","-","BYE","0","0","0","0","0.6","9.7"
"494","Kene Nwangwu","RB","MIN","0","0","0","0","0","0","BYE","0","0","0","0.6","6","-","-","0","-","0","2.9","0.7","9.5"
"495","Nathan Peterman","QB","CHI","-","-","-","-","-","-","-","-","-","-","-","-","-","BYE","0","0","-","9.3","3.1","9.3"
"496","Patrick Ricard","RB","BAL","0.7","0.5","1.2","2","-","0","2","0","0.6","BYE","0.4","1.4","0","0.2","0","-","-","-","0.7","9"
"496","Armani Rogers","TE","WAS","2.3","-","0","-","0","0","2.8","1.3","2.4","0","-","-","-","BYE","-","-","-","0.2","1","9"
"496","Chris Streveler","QB","NYJ","-","-","-","-","-","-","-","-","-","BYE","-","-","-","-","-","9","-","-","9","9"
"499","Michael Bandy","WR","FA","-","-","-","4.9","-","0.4","-0.5","-","2.6","0","0","0","1.5","-","-","-","-","-","1.1","8.9"
"499","Parker Hesse","TE","ATL","0.5","0.5","0","2.2","0.9","-","-","0.9","-","0","-","0.9","1.6","BYE","0","0.8","-","0.6","0.7","8.9"
"499","Cam Sims","WR","LV","0","0","-","-","0.7","0.6","1.2","2.1","1.2","0","1.7","-","-0.2","-","-","0","1.6","0","0.7","8.9"
"502","Phillip Lindsay","RB","FA","-","-","-","-","5.4","3.2","-","-","0.2","-","-","-","-","-","-","-","-","-","2.9","8.8"
"502","Kyle Rudolph","TE","FA","-","-","1.2","-","0","-","0.8","0","-","-","-","-","-","-","-","-","-","6.8","1.8","8.8"
"504","Jordan Wilkins","RB","FA","-","-","-","-","-","-","-","-","2.8","1.8","-","-","-","-","-","0.4","3.7","-","2.2","8.7"
"505","Chase Daniel","QB","FA","-","-","-","-","-","-","-","-","-","0","-","-","-","-","-","-","1.1","7.4","2.8","8.5"
"506","Tyler Badie","RB","DEN","-","-","-","-","-","-","-","-","BYE","-","-","-","-","-","-","-","-","8.4","8.4","8.4"
"507","Brandon Johnson","WR","DEN","-","-","-","-","-","-","-","-","BYE","-","0.2","7","-","0","3","-","-","-2","1.6","8.2"
"508","Grant Calcaterra","TE","PHI","-","-","4","-","-","-","BYE","-","-","-","0","-0.2","1.9","2.4","0","-","-","-","1.4","8.1"
"509","Blake Bell","TE","KC","-","-","-","-","-","-","-","BYE","-","-","-","-","-","-","-","-","7.7","0.3","4","8"
"510","Jaret Patterson","RB","WAS","-","-","-","-","-","-","-","-","-","-","-","-","-","BYE","-","-","0","7.8","3.9","7.8"
"511","Anthony Brown","QB","BAL","-","-","-","-","-","-","-","-","-","BYE","-","-","-","0.1","-","-","-","7.4","3.8","7.6"
"512","Freddie Swain","WR","MIA","-","-","-","-","-","-","-","-","-","-","BYE","-","-","-","0.9","1.1","-","5.4","2.5","7.4"
"512","Kevin White","WR","FA","-","-","-","-","-","0","6.4","0","1","0","-","0","-","-","-","-","-","-","1.2","7.4"
"514","Ty Montgomery","RB","NE","7.3","-","-","-","-","-","-","-","-","BYE","-","-","-","-","-","-","-","-","7.3","7.3"
"515","Ke'Shawn Vaughn","RB","TB","-","-","-","0","-","0","-","-","0.4","1.3","BYE","1.5","-","-","0","0.6","0","3.4","0.8","7.2"
"515","Gunner Olszewski","WR","PIT","0","-0.2","0","0","-","0","0","0","BYE","0.4","3.9","0.9","0.2","0.7","0.3","-","0.6","0.4","0.5","7.2"
"515","Tre' McKitty","TE","LAC","2.4","-","0","0.4","0","0","0","BYE","-","2.1","-","0","0.8","0.5","-","1","0","0","0.6","7.2"
"518","Zamir White","RB","LV","-","0.2","-","2.4","-0.7","BYE","0.2","-","-0.1","-0.1","-","2.8","0.6","0.9","0.4","-","-","0.4","0.6","7"
"518","Nick Sciba","K","FA","-","-","-","-","-","-","-","7","-","-","-","-","-","-","-","-","-","-","7","7"
"520","Andrew Beck","TE","HOU","5.2","-0.1","-","0","0","0.7","0","-","-","-","-","-","-","-","0.1","-","1","0","0.8","6.9"
"521","Dee Eskridge","WR","SEA","0","0.6","-","1.6","0","3.9","0.4","0.3","0","0","BYE","-","-","-","-","-","-","-","0.8","6.8"
"522","Tyler Mabry","TE","SEA","-","-","-","-","-","-","-","-","-","-","BYE","-","-","-","-","-","6.7","-","6.7","6.7"
"523","Jalen Guyton","WR","LAC","0","-","6.4","-","-","-","-","BYE","-","-","-","-","-","-","-","-","-","-","3.2","6.4"
"523","Jake Kumerow","WR","FA","-","5","1.4","-","-","-","-","0","0","0","-","-","-","-","-","-","-","-","1.3","6.4"
"525","Trayveon Williams","RB","CIN","-","-","-","-","-","-","-","0","-","BYE","0.7","4.2","0.3","0.8","0","0","0","0","0.7","6"
"525","Jamison Crowder","WR","NYG","2.8","1.6","0.9","0.7","-","-","-","-","BYE","-","-","-","-","-","-","-","-","-","1.5","6"
"525","Dominik Eberle","K","FA","-","-","-","6","-","-","-","-","-","-","-","-","-","-","-","-","-","-","6","6"
"528","Mike Strachan","WR","IND","3.6","2.3","-","0","-","0","-","-","-","-","-","-","-","BYE","0","-","0","-","1","5.9"
"529","Deven Thompkins","WR","TB","-","-","-","-","-","-","-","-","-","-","BYE","-","-","0","1.6","0","0","4.2","1.2","5.8"
"529","Mike Thomas","WR","BAL","2.5","-","-","-","3.3","-","-","0","0","BYE","0","-","-","-","-","-","-","-","1.2","5.8"
"531","Nick Foles","QB","FA","-","-","-","-","-","-","-","-","-","-","-","-","-","-","-","2.7","3","-","2.9","5.8"
"532","Tyler Kroft","TE","MIA","0.9","-","-","-","-","-","-","0.6","-","-","BYE","-","1.4","0","2.8","0","-","-","1","5.7"
"532","Trent Taylor","WR","CIN","0","0","0","0","0","-2","0","0.5","3.2","BYE","0.1","0.8","-0.3","3.4","0","0","-","0","0.4","5.7"
"534","Nick Vannett","TE","FA","-","-","0.5","-","-","-","-","0.8","-","-","-","-","0","0.9","1.5","0","-","1.8","0.8","5.5"
"535","Tony Jones Jr.","RB","DEN","-","2","-","-","-","-","-","-","BYE","-","-","-","3.2","0.2","-","-","-","-","1.8","5.4"
"535","Isaiah Spiller","RB","LAC","-","-","-","-","-","-","-0.5","BYE","2.9","0.3","2.2","0.5","-","-","-","-","-","-","1.1","5.4"
"535","Myles Gaskin","RB","MIA","-","-","-","-","3.3","-","-","-","-","-","BYE","2.1","-","-","-","-","-","-","2.7","5.4"
"535","Cody Hollister","WR","TEN","2.2","-","-","-","0","BYE","3.2","0","0","-","-","0","-","-","-","-","-","-","0.9","5.4"
"539","Spencer Brown","RB","CAR","-","-","-","-","-","-","-","2.7","2.6","-","-","-","BYE","-","-","-","-","-","2.7","5.3"
"539","Julius Chestnut","RB","TEN","-","-","-","-","-","BYE","-","-","-","-","-","-","1.3","0.8","0","0","3.2","0","0.9","5.3"
"541","James Proche II","WR","BAL","0","-","-","-","0.7","-","0","2.4","2.2","BYE","0","0","-0.1","-","0","0","0","0","0.4","5.2"
"542","Blaine Gabbert","QB","KC","-","-","-","-","-","-","-","BYE","-","-","-","-","-","-","-","-","-","5.2","5.2","5.2"
"543","David Johnson","RB","FA","-","-","-","-","-","-","-","-","-","-","0.7","-","-","-","-0.8","2.4","-","2.8","1.3","5.1"
"544","Ronnie Rivers","RB","LAR","-","-","-","-","-","1.4","BYE","3.6","-","-","-","-","-","-","-","-","-","-","2.5","5"
"545","Charlie Kolar","TE","BAL","-","-","-","-","-","-","-","-","-","BYE","-","-","-","-","-","-","-","4.9","4.9","4.9"
"546","Patrick Taylor Jr.","RB","GB","-","-","-","0","-","-","-","0","-","-","0","-","0.6","BYE","1.5","1.7","1","-","0.7","4.8"
"547","Chris Conley","WR","SF","0","-","-","-","-","-","-","-","0","-","-","-","-","2.7","1.9","-","-","-","1.2","4.6"
"547","Trevon Wesco","TE","TEN","-","-","-","2.3","-","BYE","-","0","2","0","-","0.3","-","-","-","-","0","-","0.8","4.6"
"547","Stephen Sullivan","TE","CAR","-","1.3","-","0","-","0","-","3.3","-","-","-","-","BYE","0","0","0","0","-","0.6","4.6"
"550","Andre Baccellia","WR","ARI","-","1.2","1.3","-","-","-","-","-","-","-","-","0.7","BYE","-","-","-","0.7","0.6","0.9","4.5"
"550","Dwayne Washington","RB","FA","-","1.8","0","-","0","-","0","1.3","1.4","-","-","0","-","-","-","-","-","-","0.6","4.5"
"552","Racey McMath","WR","TEN","-","-","-","-","-","BYE","-","-","-","-","-","-","-","0","0.1","-","3.9","0.4","1.1","4.4"
"553","Chris Manhertz","TE","DEN","-","-","-","0","1.5","0","0","-0.1","0.7","-","-","-","0","2.1","-","-","-","-","0.5","4.2"
"553","Laquon Treadwell","WR","FA","-","-","-","-","-","-","-","-","-","-","-","-","0.1","-","-","2.6","1.5","-","1.4","4.2"
"553","Trestan Ebner","RB","CHI","0","0","2.3","0.8","-","-","0.8","-0.5","-","-","0.8","-","0","BYE","0","-","0","0","0.4","4.2"
"556","Anthony McFarland Jr.","RB","PIT","-","-","-","-","-","-","-","-","BYE","-","-","4.1","-","-","-","-","-","-","4.1","4.1"
"557","Michael Woods II","WR","CLE","-","-","-","-","-","1.5","-","0.6","BYE","0","-","-","0","-","-0.1","0.5","0","1.5","0.5","4"
"557","Luke Farrell","TE","JAC","-","-","-","-","-","1.1","-","-","1.5","-","BYE","-","0.3","-","-","-","-","1.1","1","4"
"559","Kyle Philips","WR","TEN","4.6","-1.5","-","0","0.7","BYE","-","-","-","-","-","-","-","-","-","-","-","-","1","3.8"
"560","Cole Beasley","WR","FA","-","-","1.2","0.5","-","-","-","-","-","-","-","-","-","-","0.9","0.9","0","-","0.7","3.5"
"560","Kendall Blanton","TE","KC","-","-","2.8","0.7","-","-","-","BYE","-","-","-","-","-","-","-","-","-","-","1.8","3.5"
"562","Larry Rountree III","RB","LAC","-","-","-","-","-","-","-","BYE","-","0","-","-","-","-","-","-","2.8","0.5","1.1","3.3"
"562","Tylan Wallace","WR","BAL","0","0.9","-","-","0.8","0.4","-","-","-","BYE","0","-","-","-","-","-","-","1.2","0.6","3.3"
"564","Jonathan Ward","RB","TEN","0","-","-","-","-","BYE","-","-","-","-","-","-","-","-","-","0","3","0.2","0.8","3.2"
"565","Josh Lambo","K","FA","-","-","-","-","-","-","-","-","-","-","3","-","-","-","-","-","-","-","3","3"
"565","Tim Jones","WR","JAC","-","-","0","0","-","2","0.7","-","-","-","BYE","0","0.3","-","-","0","-","-","0.4","3"
"567","Jaelon Darden","WR","CLE","0.2","0","2.5","0","0","0","0.1","0","0","0","-","0","0","-","-","-","0","0","0.2","2.8"
"567","Tyrie Cleveland","WR","PHI","0","2.8","-","-","0","0","BYE","-","-","0","-","-","-","-","-","-","-","-","0.6","2.8"
"569","Giovani Bernard","RB","FA","-","0","-","-","-","-","-","-","-","-","-","-","-","-","0","0","-","2.7","0.7","2.7"
"570","Ryan Griffin","TE","FA","0","1.8","-","-","0.1","0","0.5","-","-","0","0","-","-","-","0","0.2","0","-","0.3","2.6"
"570","Ben Ellefson","TE","FA","0.2","-","2.4","-","-","-","-","-","-","-","-","-","-","-","-","-","-","-","1.3","2.6"
"570","DJ Turner","WR","LV","-","-","-","-","-","BYE","2","0","0","0","0","-","-","0.6","-","-","-","-","0.4","2.6"
"570","Tyler Davis","TE","GB","0.3","0","2.6","0","-0.3","-","0","-","-","-","-","0","-","BYE","0","0","0","0","0.2","2.6"
"574","Daylen Baldwin","WR","CLE","-","-","-","-","-","-","-","-","BYE","-","-","-","-","-","2.5","-","-","-","2.5","2.5"
"575","Dezmon Patmon","WR","BUF","-","2.4","-","-","-","-","BYE","-","-","-","-","-","-","-","-","-","-","-","2.4","2.4"
"575","D'Ernest Johnson","RB","JAC","0","-","-","0","-","0.9","0","1.7","-","-0.2","0","-","-","-","0","0","0","-","0.2","2.4"
"575","Simi Fehoko","WR","DAL","1.2","0","1.2","-","-","-","-","-","BYE","-","-","-","-","-","-","-","-","-","0.8","2.4"
"575","Dareke Young","WR","SEA","-","-","-","-","-","-","-","0","0","-","BYE","-","0","-","0","0","0","2.4","0.3","2.4"
"579","Cole Turner","TE","WAS","-","-","-","-","0","2.3","0","-","-","-","0","0","0","BYE","-","0","-","-","0.3","2.3"
"580","Andy Isabella","WR","BAL","1","-","1.1","-","-","-","-","-","-","BYE","-","-","-","-","-","0","0.1","-","0.6","2.2"
"580","Mike Davis","RB","FA","1.1","0.4","-","-","0.3","-","-","-","0.7","-","-0.3","-","-","-","-","-","-","-","0.4","2.2"
"582","Pharoh Cooper","WR","FA","-","-","-","-","-","-","-","-","-","-","-","0","-","0","-","0","0.8","1.3","0.4","2.1"
"582","Cade Johnson","WR","SEA","-","-","-","-","-","-","-","-","-","-","BYE","-","-","-","-","-","0","2.1","1.1","2.1"
"584","Penny Hart","WR","ATL","-","-","1.5","-","-","-","-","-","-","-","-","-","-","BYE","0.3","0.2","-","-","0.7","2"
"584","Ty Chandler","RB","MIN","-","-","-","-","0","-","BYE","-","-","-","-","-","-","-","-","-","-","2","1","2"
"584","Lil'Jordan Humphrey","WR","DEN","-","1.1","0","0.9","0","-","-","-","BYE","-","-","-","-","-","-","-","-","-","0.5","2"
"587","Danny Gray","WR","SF","-","0","-","-","0","-","0","-","BYE","-","-","-","-","1","0","0","0.9","-","0.3","1.9"
"587","Trey Sermon","RB","PHI","-","-","-","1.9","-","-","BYE","-","-","-","-","-","-","-","-","-","-","-","1.9","1.9"
"587","Jesper Horsted","TE","LV","-","-","0","-","1.9","BYE","-","0","-","-","0","0","-","-","-","-","-","-","0.4","1.9"
"590","Maxx Williams","TE","FA","-","-","-","-","-","-","-","-","-","-","0.7","-","-","-","1.1","0","-","-","0.6","1.8"
"590","Adam Prentice","RB","NO","-","0.2","-","-","-","-","-","-","-","-","-","0","0.2","BYE","0.3","0.5","0.6","-","0.3","1.8"
"590","Michael Burton","RB","DEN","0","0.8","0.2","-","-","0","0","-","0.9","-0.1","0","-","0","0","0","-","0","-","0.2","1.8"
"590","Keith Kirkwood","WR","NO","-","-","-","-","0.4","1.4","-","-","-","-","-","-","-","BYE","-","0","-","-","0.6","1.8"
"594","Juwann Winfree","WR","IND","1.7","-","0","-","-","0","-","-","-","-","-","-","-","BYE","-","-","-","-","0.6","1.7"
"594","J.J. Taylor","RB","NE","-","-","-","-","-","-","-","-","1.7","BYE","-","-","-","-","-","-","-","-","1.7","1.7"
"594","Stone Smartt","TE","LAC","-","-","-","-","-","-","-","BYE","-","-","0.6","-","0.3","0.8","-","-","-","-","0.6","1.7"
"597","Dennis Houston","WR","DAL","1.6","0","-","-","-","-","-","-","BYE","-","-","-","-","-","-","-","-","-","0.8","1.6"
"598","Bryan Edwards","WR","NO","0","0.2","-","-","1","-","-","0.3","-","-","-","-","-","BYE","-","-","-","-","0.4","1.5"
"598","Quintez Cephus","WR","DET","-","0","0","1.5","-","BYE","-","-","-","-","-","-","-","-","-","-","-","-","0.5","1.5"
"598","Frank Darby","WR","ATL","-","-","-","-","-","-","-","-","-","-","-","-","-","BYE","-","-","-","1.5","1.5","1.5"
"601","Brian Hoyer","QB","LV","-","-","-","1.5","-","BYE","-","-","-","-","-","-","-","-","-","-","-","-","1.5","1.5"
"602","Nsimba Webster","WR","CHI","-","-","-","-","-","-","-","-","-","-","-","-","-","BYE","1.4","-","-","-","1.4","1.4"
"603","Jacob Eason","QB","FA","-","-","-","-","-","1.4","-","-","-","-","-","-","-","-","-","-","-","-","1.4","1.4"
"604","Austin Trammell","WR","LAR","-","-","-","-","-","-","BYE","-","-","-","-","-","0.8","0.5","-","-","-","-","0.7","1.3"
"605","Jerome Ford","RB","CLE","0","0","0","0","-","-","-","-","BYE","0","0","0","0.3","0","0","0","0.9","0","0.1","1.2"
"605","Jalen Tolbert","WR","DAL","-","-","0.4","-","-","-","-","-","BYE","0","0.8","-","-","-","-","-","-","-","0.4","1.2"
"605","Montrell Washington","WR","DEN","0","1.9","0","0.4","0.9","-2","0.2","0.1","BYE","0","0","-0.2","-0.1","0","0","0","-","-","0.1","1.2"
"608","Sean McKeon","TE","DAL","-","-","-","-","-","1","-","-","BYE","0.1","-","-","0","-","-","-","-","-","0.4","1.1"
"608","Miles Boykin","WR","PIT","0","0","0","-","1.1","0","-","0","BYE","-","-","-","-","0","0","-","0","0","0.1","1.1"
"610","Jakob Johnson","RB","LV","0.1","-","0","-","0.5","BYE","0","-","0","0","0","0","-","0.1","0","-","-","0.3","0.1","1"
"610","Keith Smith","RB","ATL","-","-","-","0","0","1","-","0","0","0","-","-","0","BYE","-","0","0","0","0.1","1"
"612","Kyle Trask","QB","TB","-","-","-","-","-","-","-","-","-","-","BYE","-","-","-","-","-","-","0.9","0.9","0.9"
"612","Damarea Crockett","RB","DEN","-","-","-","-","-","-","-","-","BYE","0.9","-","-","-","-","-","-","-","-","0.9","0.9"
"612","Stephen Anderson","TE","FA","0","0.2","0","0","-","-","0","-","-","0","0","-","-","0.7","-","0","-","-","0.1","0.9"
"615","Tyron Johnson","WR","FA","-","-","-","0","-","-","-","-","0.8","-","-","-","-","-","-","-","-","-","0.4","0.8"
"615","Jeremy Ruckert","TE","NYJ","-","0","-","-","-","-","-","-","-","BYE","-","-","-","-","-","-","-","0.8","0.4","0.8"
"615","Reggie Bonnafon","RB","FA","-","-","-","-","-","-","-","-","-","-","-","-","-","-","-","-","-","0.8","0.8","0.8"
"618","Brandon Allen","QB","SF","-","-","-","-","-","-","-","-","0.8","-","-","-","-","-","-","-","-","-","0.8","0.8"
"619","Jalen Camp","WR","HOU","-","-","-","-","-","BYE","-","-","0.7","-","-","-","-","-","-","-","-","-","0.7","0.7"
"619","Devine Ozigbo","RB","FA","-","-","-","-","0.2","-","-","-","-","-","-","0.3","-","-","0.2","-","-","-","0.2","0.7"
"619","Maurice Alexander","WR","DET","-","-","-","0","0","BYE","-","0.7","-","-","-","-","-","-","-","-","-","-","0.2","0.7"
"619","Kylin Hill","RB","FA","-","-","-","-","-","-","-","-","0.7","-","-","-","-","-","-","-","-","-","0.7","0.7"
"619","Tommy Sweeney","TE","NYG","-","-","-","-","-","0.7","-","-","BYE","-","-","-","0","-","-","-","-","-","0.4","0.7"
"619","Godwin Igwebuike","RB","FA","-","-","-","-","-","-","-","-","-","-","-","-","-","0","0","0","0.7","0","0.1","0.7"
"619","Josh Johnson","QB","BAL","-","-","-","-","-","-","-","-","-","BYE","-","-","-","0.7","-","-","-","-","0.7","0.7"
"626","C.J. Board","WR","FA","-","-","-","-","-","-","-","-","-","0","0","0","0.6","-","-","-","-","-","0.2","0.6"
"626","Jacob Harris","TE","JAC","-","-","0","-","-","-","-","-","-","-","0","0.6","-","-","-","-","-","-","0.2","0.6"
"626","Mason Schreck","TE","HOU","-","-","-","0","0.6","BYE","-","-","-","-","-","-","-","-","-","-","-","-","0.3","0.6"
"629","Jason Moore Jr.","WR","FA","-","-","-","-","-","-","0.5","-","-","-","-","-","-","-","-","-","-","-","0.5","0.5"
"629","Devin Asiasi","TE","CIN","-","-","-","0","-","0","-","-","0","BYE","0","-","-","-","-","0.5","-","-","0.1","0.5"
"629","Ty'Son Williams","RB","ARI","-","-","-","-","-","-","-","-","-","-","-","-","BYE","-","-","-","-","0.5","0.5","0.5"
"632","Richard Rodgers","TE","FA","0","-","-","-","-","-","-","-","0","0.4","-","-","-","-","-","-","-","-","0.1","0.4"
"632","Duke Johnson Jr.","RB","FA","-","-","-","-","-","-","-","-","-","0.4","-","-","-","-","-","-","-","-","0.4","0.4"
"632","Demetric Felton Jr.","RB","CLE","0","-0.1","-","-","-","-","-","0","BYE","-","-","-","0","0","0.5","-","-","-","0.1","0.4"
"635","Case Keenum","QB","HOU","-","0.2","-","-","0.1","BYE","-","-","-","-","-","-","-","-","-","-","-","-","0.2","0.3"
"635","Mason Kinsey","WR","TEN","-","-","-","-","-","BYE","0.3","-","-","-","-","-","-","-","0","-","-","-","0.2","0.3"
"635","Erik Ezukanma","WR","MIA","-","-","-","-","-","-","-","-","-","-","BYE","-","-","-","-","-","-","0.3","0.3","0.3"
"638","Cody White","WR","PIT","-","-","-","-","-","-","-","-","BYE","-","-","0.2","-","-","-","-","-","-","0.2","0.2"
"638","Damien Williams","RB","FA","0.2","-","-","-","-","-","-","-","-","-","-","-","-","-","-","-","-","-","0.2","0.2"
"640","Jordan Howard","RB","FA","-","-","-","-","-","-","-","-","-","0.1","-","-","-","-","-","-","-","-","0.1","0.1"
"641","Alex Erickson","WR","FA","-","-","-","-","-","-","-","-","-","-","-","0","0","-","-","-","-","-","0","0"
"641","Qadree Ollison","RB","JAC","0","-","-","-","-","-","-","-","-","0","BYE","-","-","-","-","-","0","-","0","0"
"641","Matt Corral","QB","CAR","0","-","-","-","-","-","-","-","-","-","-","-","BYE","0","-","-","-","-","0","0"
"641","Tay Martin","WR","SF","-","-","-","-","-","-","-","-","BYE","-","-","-","-","-","-","-","0","-","0","0"
"641","Kirk Merritt","WR","NO","-","-","-","-","-","-","-","-","-","-","-","-","-","BYE","-","-","0","-","0","0"
"641","Nikola Kalinic","TE","FA","-","-","-","-","-","-","-","-","-","-","-","-","-","-","-","-","0","-","0","0"
"641","Trenton Cannon","RB","FA","0","-","-","-","-","-","-","-","-","-","-","-","-","-","-","-","0","-","0","0"
"641","Jashaun Corbin","RB","NYG","-","-","-","-","-","-","-","-","BYE","-","-","0","-","-","-","-","-","0","0","0"
"641","Davis Cheek","QB","FA","-","-","-","-","-","-","-","-","-","-","-","-","-","-","0","-","-","-","0","0"
"641","Emeka Emezie","WR","FA","-","-","-","-","-","-","-","-","-","-","-","-","-","-","0","-","-","-","0","0"
"641","Alex Bachman","WR","HOU","-","-","-","-","-","BYE","-","-","-","-","-","0","-","-","-","-","-","-","0","0"
"641","Rico Dowdle","RB","DAL","0","0","-","-","-","-","-","-","BYE","-","-","-","-","-","-","-","-","-","0","0"
"641","James Washington","WR","NO","-","-","-","-","-","-","-","-","-","-","-","-","-","0","-","-","-","-","0","0"
"641","Jermar Jefferson","RB","DET","0","-","-","-","-","BYE","-","-","-","-","-","-","-","-","-","-","-","-","0","0"
"641","Nick Boyle","TE","FA","-","-","-","-","-","-","-","-","-","-","-","0","0","-","-","0","-","-","0","0"
"641","Chris Pierce Jr.","TE","ARI","-","-","-","-","-","-","-","-","-","-","-","0","BYE","-","-","-","-","-","0","0"
"641","Bryant Koback","RB","SEA","-","-","-","-","-","-","-","-","-","-","BYE","-","0","-","-","-","0","-","0","0"
"641","Lance McCutcheon","WR","LAR","-","-","-","-","-","-","BYE","-","-","-","-","0","-","0","-","0","0","-","0","0"
"641","Noah Togiai","TE","ARI","0","-","-","-","-","-","-","-","-","-","-","-","BYE","-","-","-","-","-","0","0"
"641","La'Mical Perine","RB","KC","-","-","-","-","-","-","-","BYE","0","-","-","-","-","-","-","-","-","-","0","0"
"641","Matt Barkley","QB","BUF","-","-","-","-","-","-","BYE","-","-","-","-","0","-","-","-","-","-","-","0","0"
"641","Feleipe Franks","QB","ATL","-","-","-","-","0","-","0","0","-","-","-","-","0","BYE","0","-","-","-","0","0"
"641","Kenny Yeboah","TE","NYJ","-","0","-","-","-","-","-","-","-","BYE","-","-","-","0","-","0","-","-","0","0"
"641","Tanner Conner","WR","MIA","-","-","-","-","0","0","-","-","-","-","BYE","-","-","-","-","-","-","-","0","0"
"641","Josh Gordon","WR","FA","-","0","-","-","-","-","-","-","-","-","-","-","-","-","-","-","-","-","0","0"
"641","Dan Chisena","WR","PIT","-","-","-","-","0","-","-","-","0","-","-","-","-","-","-","-","-","-","0","0"
"641","Keke Coutee","WR","FA","-","0","-","-","-","0","-","0","0","0","0","-","-","-","-","-","-","0","0","0"
"641","Tanner Gentry","WR","FA","-","-","-","-","0","-","-","-","-","-","-","-","-","-","-","-","-","-","0","0"
"641","Kevin Rader","TE","TEN","-","-","-","-","0","BYE","0","-","-","0","-","-","0","0","0","-","-","-","0","0"
"641","Cullen Gillaspia","RB","FA","-","-","-","-","0","0","-","0","0","-","-","-","-","-","-","-","-","-","0","0"
"641","Raleigh Webb","WR","NE","-","0","-","-","-","-","-","-","-","BYE","-","-","-","0","0","-","-","-","0","0"
"641","C.J. Beathard","QB","JAC","-","-","-0.1","-","-","-","-","-","-","-","BYE","-","0.2","-","-","-0.3","0.2","-","0","0"
"641","Khari Blasingame","RB","CHI","-","-","0","-","-","0","-","-","-","-","-","0","-","BYE","0","0","-","-","0","0"
"641","Quinn Nordin","K","FA","-","-","-","-","0","-","-","-","-","-","0","-","0","-","-","-","-","-","0","0"
"641","Brandin Bryant","RB","FA","-","0","-","0","-","-","-","-","-","-","-","-","-","-","-","-","-","-","0","0"
"641","Hunter Long","TE","LAR","-","-","0","-","-","0","BYE","0","-","-","-","-","-","-","-","-","-","-","0","0"
"641","Miller Forristall","TE","NO","-","-","0","-","-","-","-","-","-","-","-","-","-","BYE","-","-","-","-","0","0"
"641","Austin Allen","TE","GB","-","-","0","0","-","-","-","-","-","-","-","-","-","BYE","-","-","-","-","0","0"
"641","Jake Tonges","TE","CHI","-","-","0","-","-","-","-","-","-","-","-","-","-","BYE","-","-","-","-","0","0"
"641","Malik Turner","WR","IND","-","-","-","0","0","-","-","-","-","-","-","-","-","BYE","-","-","-","-","0","0"
"641","Cody Thompson","WR","SEA","-","-","0","-","-","-","-","-","-","-","BYE","-","-","-","-","-","-","-","0","0"
"641","Matthew Slater","WR","NE","-","-","-","0","-","-","-","-","0","BYE","0","-","0","0","-","0","0","0","0","0"
"641","Charlie Woerner","TE","SF","-","-","-","0","0","0","-","-","BYE","-","-","0","-","0","-","-","-","-","0","0"
"641","J.P. Holtz","TE","FA","-","-","-","0","-","-","-","-","-","-","-","-","-","-","-","-","-","-","0","0"
"641","Jake Funk","RB","IND","-","-","-","0","-","-","-","-","-","-","-","-","-","BYE","-","-","-","-","0","0"
"641","Kenjon Barner","RB","FA","-","-","-","0","-","-","-","-","-","-","-","-","-","-","-","-","-","-","0","0"
"641","Tyree Jackson","TE","PHI","-","-","-","-","-","-","BYE","-","-","-","0","-","-","-","0","-","-","-","0","0"
"641","John Lovett","RB","FA","-","-","-","-","-","0","-","-","-","-","-","-","-","-","-","-","-","-","0","0"
"641","James Winchester","TE","KC","-","-","-","-","-","-","0","BYE","0","-","-","-","-","-","-","-","-","0","0","0"
"641","Binjimen Victor","WR","FA","-","-","-","-","-","-","-","-","0","-","-","-","-","-","-","-","-","-","0","0"
"641","Brittain Brown","RB","LV","-","-","-","-","-","BYE","-","-","-","-","0","-","-","-","-","-","-","-","0","0"
"641","Ben Mason","RB","BAL","-","-","-","-","-","-","-","-","-","BYE","0","-","-","-","-","-","-","-","0","0"
"641","Andre Roberts","WR","FA","0","-","-","-","-","-","-","-","-","-","-","-","-","-","-","-","0","0","0","0"
"641","Stanley Berryhill III","WR","DET","-","-","-","-","-","BYE","-","-","-","0","-","-","-","-","-","-","-","-","0","0"
"641","Trinity Benson","WR","DET","-","-","-","-","-","BYE","-","-","-","0","-","-","-","-","-","-","-","-","0","0"
"641","Marken Michel","WR","FA","-","-","-","-","-","-","-","-","-","0","-","-","-","-","-","-","-","-","0","0"
"641","Beau Brinkley","TE","FA","-","-","-","-","-","-","-","-","-","0","-","-","0","-","-","-","-","-","0","0"
"641","Sandro Platzgummer","RB","FA","-","-","-","-","-","-","-","-","-","0","-","-","-","-","-","-","-","-","0","0"
"641","Justin Hardee","WR","NYJ","0","0","-","0","0","0","0","0","0","BYE","0","-","-","0","-","0","0","-","0","0"
"641","Ramiz Ahmed","K","FA","-","-","-","-","-","-","-","-","-","0","-","-","-","-","-","-","-","-","0","0"
"641","Marcus Kemp","WR","WAS","-","-","-","-","-","-","0","-","0","-","-","-","-","BYE","-","-","-","-","0","0"
"641","Josh Ali","WR","ATL","-","-","-","-","-","-","-","-","-","-","-","-","-","BYE","-","-","-","0","0","0"
"641","Justyn Ross","WR","KC","-","-","-","-","-","-","0","BYE","0","-","-","-","-","-","-","-","-","-","0","0"
"641","Brandon Zylstra","WR","FA","-","-","-","-","-","-","-","-","0","-","-","-","-","-","-","-","0","-","0","0"
"641","Rashard Higgins","WR","FA","-","-","-","-","-","-","-","-","0","-","-","-","-","-","-","-","-","-","0","0"
"641","Albert Wilson","WR","FA","-","-","-","-","-","-","-","-","0","-","0","-","0","-","-","-","-","-","0","0"
"641","Quinton Bell","WR","FA","0","-","-","-","-","0","-","-","-","-","-","-","0","-","-","-","-","-","0","0"
"641","Britain Covey","WR","PHI","0","0","0","0","0","0","BYE","0","0","0","0","0","0","0","0","0","0","0","0","0"
"641","Stanley Morgan Jr.","WR","CIN","0","-","0","-","0","-","-","-","0","BYE","0","0","0","0","0","-","-","-","0","0"
"641","Jared Pinkney","TE","FA","-","-","-","-","-","-","-","0","-","0","-","-","-","-","-","-","-","-","0","0"
"641","Logan Woodside","QB","ATL","-","-","-","-","-","-","-","0","-","-","-","-","-","BYE","-","-","-","-","0","0"
"712","Drew Sample","TE","CIN","0.2","-0.4","-","-","-","-","-","-","-","BYE","-","-","-","-","-","-","-","-","-0.1","-0.2"
"713","Braylon Sanders","WR","MIA","-","-","-","-","-","-","-","-0.3","-","-","BYE","-","-","-","0","-","-","-","-0.2","-0.3"
"714","Nate Sudfeld","QB","DET","-","-","-","-","-","BYE","-","-","-","-","-","-","-0.1","-","-","-","-0.3","-","-0.2","-0.4"
"715","Chad Henne","QB","FA","0","-","-","-","-","-","-0.3","-","-","-","-","-","-","-","-","-","-","-0.2","-0.2","-0.5"
"716","Ihmir Smith-Marsette","WR","KC","-","0","-","0","-0.5","-0.1","-","BYE","-","-","-","-","-","-","-","-","-","-","-0.2","-0.6"
"717","Deonte Harty","WR","BUF","0.4","0.9","-","-2","0","-","BYE","-","-","-","-","-","-","-","-","-","-","-","-0.2","-0.7"
"718","Tim Boyle","QB","NYJ","-","-","-","-","-","-","-","-","-","BYE","-","-","-","-","-","-","-","-0.9","-0.9","-0.9"
"719","KaVontae Turpin","WR","DAL","0","0.3","0","0","0","0","0.3","1.1","BYE","0.9","0","0","0","-2","0","0","0","-2","-0.1","-1.4"
"720","Taiwan Jones","RB","FA","0","0","-","-","0","-","-","-","-","-","-","-","-","0","0","0","-","-2","-0.3","-2"
"720","Chester Rogers","WR","FA","-","-","0","-","0","-2","-","-","-","-","-","-","-","-","-","-","-","-","-0.7","-2"
""
""